Workbook

Sheet README
A1: Title of the article: "Metals for the Energy Transition: A Heavy Environmental Burden to Life?"
A2: Authors: Anne de Bortoli, Marin Pellan, Marguerite Fauroux
A3: Affiliations:
A4: Journal: Joule
A7: TAB_NAME | B7: DESCRIPTION | C7: SOURCE
A8: IEA_demand | B8: List of 37 metals in the 2024 version with details per technology when available. Data is given in kt. | C8: https://www.iea.org/data-and-statistics/data-tools/critical-minerals-data-explorer https://www.iea.org/data-and-statistics/data-product/critical-minerals-dataset
A9: IEA_demand_old | B9: Old list of x metals extracted in January 2024. Data is given in kt. | C9: x
A10: EI_MARKETS | B10: Associated ecoinvent 3.10 activities for each metals and technology. | C10: x

Sheet metal_list
A1: Z | B1: Symbol | C1: Metal | D1: Category | E1: Subcategory
A2: 13 | B2: Al | C2: Aluminium
A3: 33 | B3: As | C3: Arsenic
A4: 5 | B4: B | C4: Boron
A5: 48 | B5: Cd | C5: Cadmium
A6: 24 | B6: Cr | C6: Chromium
A7: 27 | B7: Co | C7: Cobalt
A8: 29 | B8: Cu | C8: Copper
A9: 66 | B9: Dy | C9: Dysprosium | D9: REE
A10: 31 | B10: Ga | C10: Gallium
A11: 32 | B11: Ge | C11: Germanium
A12: 6 | B12: C | C12: Graphite (battery-grade)
A13: 72 | B13: Hf | C13: Hafnium
A14: 49 | B14: In | C14: Indium
A15: 77 | B15: Ir | C15: Iridium | D15: PGM
A16: 57 | B16: La | C16: Lanthanum | D16: REE
A17: 82 | B17: Pb | C17: Lead
A18: 3 | B18: Li | C18: Lithium
A19: 12 | B19: Mg | C19: Magnesium
A20: 25 | B20: Mn | C20: Manganese
A21: 42 | B21: Mo | C21: Molybdenum
A22: 60 | B22: Nd | C22: Neodymium | D22: REE
A23: 28 | B23: Ni | C23: Nickel
A24: 41 | B24: Nb | C24: Niobium
A25: x | B25: x | C25: PGMs (other than iridum) | D25: PGM | E25: Thus contains: Ruthenium, Rhodium Palladium, Osmium and Platinum
A26: 59 | B26: Pr | C26: Praseodymium | D26: REE
A27: 34 | B27: Se | C27: Selenium
A28: 14 | B28: Si | C28: Silicon
A29: 47 | B29: Ag | C29: Silver
A30: 73 | B30: Ta | C30: Tantalum
A31: 52 | B31: Te | C31: Tellurium
A32: 65 | B32: Tb | C32: Terbium | D32: REE
A33: 50 | B33: Sn | C33: Tin
A34: 22 | B34: Ti | C34: Titanium
A35: 74 | B35: W | C35: Tungsten
A36: 23 | B36: V | C36: Vanadium
A37: 39 | B37: Y | C37: Yttrium | D37: REE
A38: 30 | B38: Zn | C38: Zinc
A39: 40 | B39: Zr | C39: Zirconium

Sheet EI_markets_etm
A1: Metal | B1: Technology | C1: Market | D1: Reference Product | E1: Location | F1: Scenario | G1: 2022 | H1: 2030 | I1: 2035 | J1: 2040 | K1: 2045 | L1: 2050
A2: Aluminium | B2: Electricity Networks | C2: market for aluminium, wrought alloy (SM) | D2: aluminium, wrought alloy | E2: World | F2: SPS | G2: =IEA_demand!D2 -> 10773.333 | H2: =IEA_demand!E2 -> 14527 | I2: =IEA_demand!F2 -> 14482 | J2: =IEA_demand!G2 -> 14174 | K2: =IEA_demand!H2 -> 14943 | L2: =IEA_demand!I2 -> 14343
A3: Aluminium | B3: Electricity Networks | C3: market for aluminium, wrought alloy (SM) | D3: aluminium, wrought alloy | E3: World | F3: NZE | G3: =IEA_demand!D3 -> 11045.667 | H3: =IEA_demand!E3 -> 17872 | I3: =IEA_demand!F3 -> 22818 | J3: =IEA_demand!G3 -> 26403 | K3: =IEA_demand!H3 -> 25148 | L3: =IEA_demand!I3 -> 20759
A4: Arsenic | B4: Solar PV | C4: market for arsine | D4: arsine | E4: GLO | F4: SPS | G4: =IEA_demand!D4 -> 0 | H4: =IEA_demand!E4 -> 0.343221 | I4: =IEA_demand!F4 -> 1.97674 | J4: =IEA_demand!G4 -> 10.9458 | K4: =IEA_demand!H4 -> 11.4615 | L4: =IEA_demand!I4 -> 12.5651
A5: Arsenic | B5: Solar PV | C5: market for arsine | D5: arsine | E5: GLO | F5: NZE | G5: =IEA_demand!D5 -> 0 | H5: =IEA_demand!E5 -> 0.551123 | I5: =IEA_demand!F5 -> 3.22612 | J5: =IEA_demand!G5 -> 15.2916 | K5: =IEA_demand!H5 -> 12.4686 | L5: =IEA_demand!I5 -> 15.8108
A6: Boron | B6: Wind | C6: market for boric oxide | D6: boric oxide | E6: GLO | F6: SPS | G6: =IEA_demand!D6 -> 0.206005 | H6: =IEA_demand!E6 -> 0.401025 | I6: =IEA_demand!F6 -> 0.349539 | J6: =IEA_demand!G6 -> 0.292967 | K6: =IEA_demand!H6 -> 0.331853 | L6: =IEA_demand!I6 -> 0.466954
A7: Boron | B7: Wind | C7: market for boric oxide | D7: boric oxide | E7: GLO | F7: NZE | G7: =IEA_demand!D7 -> 0.206005 | H7: =IEA_demand!E7 -> 0.705002 | I7: =IEA_demand!F7 -> 0.706441 | J7: =IEA_demand!G7 -> 0.625155 | K7: =IEA_demand!H7 -> 0.611907 | L7: =IEA_demand!I7 -> 0.86571
A8: Cadmium | B8: Solar PV | C8: market for cadmium, semiconductor-grade | D8: cadmium, semiconductor-grade | E8: GLO | F8: SPS | G8: =IEA_demand!D8 -> 0.67 | H8: =IEA_demand!E8 -> 0.66 | I8: =IEA_demand!F8 -> 0.68 | J8: =IEA_demand!G8 -> 0.67 | K8: =IEA_demand!H8 -> 0.68 | L8: =IEA_demand!I8 -> 0.72
A9: Cadmium | B9: Solar PV | C9: market for cadmium, semiconductor-grade | D9: cadmium, semiconductor-grade | E9: GLO | F9: NZE | G9: =IEA_demand!D9 -> 0.67 | H9: =IEA_demand!E9 -> 1.49 | I9: =IEA_demand!F9 -> 1.42 | J9: =IEA_demand!G9 -> 1.03 | K9: =IEA_demand!H9 -> 0.65 | L9: =IEA_demand!I9 -> 0.52
A10: Cadmium | B10: Other low emissions power generation | C10: market for cadmium, semiconductor-grade | D10: cadmium, semiconductor-grade | E10: GLO | F10: SPS | G10: =IEA_demand!D10 -> 0.02 | H10: =IEA_demand!E10 -> 0.03 | I10: =IEA_demand!F10 -> 0.02 | J10: =IEA_demand!G10 -> 0.01 | K10: =IEA_demand!H10 -> 0.02 | L10: =IEA_demand!I10 -> 0.02
A11: Cadmium | B11: Other low emissions power generation | C11: market for cadmium, semiconductor-grade | D11: cadmium, semiconductor-grade | E11: GLO | F11: NZE | G11: =IEA_demand!D11 -> 0.02 | H11: =IEA_demand!E11 -> 0.03 | I11: =IEA_demand!F11 -> 0.03 | J11: =IEA_demand!G11 -> 0.03 | K11: =IEA_demand!H11 -> 0.02 | L11: =IEA_demand!I11 -> 0.02
A12: Chromium | B12: Wind | C12: market for ferrochromium, high-carbon, 68% Cr | D12: ferrochromium, high-carbon, 68% Cr | E12: GLO | F12: SPS | G12: =IEA_demand!D14 -> 63.2737 | H12: =IEA_demand!E14 -> 88.4126 | I12: =IEA_demand!F14 -> 78.8923 | J12: =IEA_demand!G14 -> 69.5036 | K12: =IEA_demand!H14 -> 77.4518 | L12: =IEA_demand!I14 -> 97.3744
A13: Chromium | B13: Wind | C13: market for ferrochromium, high-carbon, 68% Cr | D13: ferrochromium, high-carbon, 68% Cr | E13: GLO | F13: NZE | G13: =IEA_demand!D15 -> 63.2737 | H13: =IEA_demand!E15 -> 154.914 | I13: =IEA_demand!F15 -> 167.174 | J13: =IEA_demand!G15 -> 146.251 | K13: =IEA_demand!H15 -> 126.206 | L13: =IEA_demand!I15 -> 160.709
A14: Chromium | B14: Other low emissions power generation | C14: market for ferrochromium, high-carbon, 68% Cr | D14: ferrochromium, high-carbon, 68% Cr | E14: GLO | F14: SPS | G14: =IEA_demand!D16 -> 148.7563 | H14: =IEA_demand!E16 -> 295.4034 | I14: =IEA_demand!F16 -> 222.6017 | J14: =IEA_demand!G16 -> 246.7724 | K14: =IEA_demand!H16 -> 250.2902 | L14: =IEA_demand!I16 -> 224.6666
A15: Chromium | B15: Other low emissions power generation | C15: market for ferrochromium, high-carbon, 68% Cr | D15: ferrochromium, high-carbon, 68% Cr | E15: GLO | F15: NZE | G15: =IEA_demand!D17 -> 148.7563 | H15: =IEA_demand!E17 -> 668.829 | I15: =IEA_demand!F17 -> 584.868 | J15: =IEA_demand!G17 -> 480.945 | K15: =IEA_demand!H17 -> 379.97 | L15: =IEA_demand!I17 -> 299.482
A16: Cobalt | B16: Low emissions power generation | C16: market for cobalt sulfate (SM) | D16: cobalt sulfate | E16: World | F16: SPS | G16: =IEA_demand!D20 -> 0.0164945 | H16: =IEA_demand!E20 -> 0.0288952 | I16: =IEA_demand!F20 -> 0.0135566 | J16: =IEA_demand!G20 -> 0.0161804 | K16: =IEA_demand!H20 -> 0.0171346 | L16: =IEA_demand!I20 -> 0.0197795
A17: Cobalt | B17: Low emissions power generation | C17: market for cobalt sulfate (SM) | D17: cobalt sulfate | E17: World | F17: NZE | G17: =IEA_demand!D21 -> 0.0164945 | H17: =IEA_demand!E21 -> 0.0512678 | I17: =IEA_demand!F21 -> 0.0468942 | J17: =IEA_demand!G21 -> 0.0364758 | K17: =IEA_demand!H21 -> 0.0278917 | L17: =IEA_demand!I21 -> 0.0253343
A18: Cobalt | B18: Electric vehicles | C18: market for cobalt sulfate (SM) | D18: cobalt sulfate | E18: World | F18: SPS | G18: =IEA_demand!D22 -> 61.8409 | H18: =IEA_demand!E22 -> 150.718 | I18: =IEA_demand!F22 -> 160.685 | J18: =IEA_demand!G22 -> 187.206 | K18: =IEA_demand!H22 -> 203.124 | L18: =IEA_demand!I22 -> 216.036
A19: Cobalt | B19: Electric vehicles | C19: market for cobalt sulfate (SM) | D19: cobalt sulfate | E19: World | F19: NZE | G19: =IEA_demand!D23 -> 61.8409 | H19: =IEA_demand!E23 -> 236.409 | I19: =IEA_demand!F23 -> 247.364 | J19: =IEA_demand!G23 -> 278.864 | K19: =IEA_demand!H23 -> 313.127 | L19: =IEA_demand!I23 -> 322.573
A20: Cobalt | B20: Grid battery storage | C20: market for cobalt sulfate (SM) | D20: cobalt sulfate | E20: World | F20: SPS | G20: =IEA_demand!D24 -> 2.52783 | H20: =IEA_demand!E24 -> 4.13446 | I20: =IEA_demand!F24 -> 3.26534 | J20: =IEA_demand!G24 -> 0 | K20: =IEA_demand!H24 -> 0 | L20: =IEA_demand!I24 -> 0
A21: Cobalt | B21: Grid battery storage | C21: market for cobalt sulfate (SM) | D21: cobalt sulfate | E21: World | F21: NZE | G21: =IEA_demand!D25 -> 2.52783 | H21: =IEA_demand!E25 -> 6.63385 | I21: =IEA_demand!F25 -> 5.56078 | J21: =IEA_demand!G25 -> 0 | K21: =IEA_demand!H25 -> 0 | L21: =IEA_demand!I25 -> 0
A22: Cobalt | B22: Hydrogen technologies | C22: market for cobalt sulfate (SM) | D22: cobalt sulfate | E22: World | F22: SPS | G22: =IEA_demand!D26 -> 0.00511403 | H22: =IEA_demand!E26 -> 0.00409554 | I22: =IEA_demand!F26 -> 0.00451973 | J22: =IEA_demand!G26 -> 0.00356799 | K22: =IEA_demand!H26 -> 0.00343121 | L22: =IEA_demand!I26 -> 0.00469507
A23: Cobalt | B23: Hydrogen technologies | C23: market for cobalt sulfate (SM) | D23: cobalt sulfate | E23: World | F23: NZE | G23: =IEA_demand!D27 -> 0.00511403 | H23: =IEA_demand!E27 -> 0.0642585 | I23: =IEA_demand!F27 -> 0.0697531 | J23: =IEA_demand!G27 -> 0.0595121 | K23: =IEA_demand!H27 -> 0.0510738 | L23: =IEA_demand!I27 -> 0.0659947
A24: Copper | B24: Solar PV | C24: market for copper, cathode (SM) | D24: copper, cathode | E24: World | F24: SPS | G24: =IEA_demand!D30 -> 1208.23 | H24: =IEA_demand!E30 -> 1691.18 | I24: =IEA_demand!F30 -> 1727.66 | J24: =IEA_demand!G30 -> 1683.97 | K24: =IEA_demand!H30 -> 1772.88 | L24: =IEA_demand!I30 -> 1958.85
A25: Copper | B25: Solar PV | C25: market for copper, cathode (SM) | D25: copper, cathode | E25: World | F25: NZE | G25: =IEA_demand!D31 -> 1208.23 | H25: =IEA_demand!E31 -> 2564.33 | I25: =IEA_demand!F31 -> 2651.29 | J25: =IEA_demand!G31 -> 2245.3 | K25: =IEA_demand!H31 -> 1840.51 | L25: =IEA_demand!I31 -> 2390.46
A26: Copper | B26: Wind | C26: market for copper, cathode (SM) | D26: copper, cathode | E26: World | F26: SPS | G26: =IEA_demand!D32 -> 501.618 | H26: =IEA_demand!E32 -> 803.565 | I26: =IEA_demand!F32 -> 691.799 | J26: =IEA_demand!G32 -> 579.893 | K26: =IEA_demand!H32 -> 626.262 | L26: =IEA_demand!I32 -> 804.512
A27: Copper | B27: Wind | C27: market for copper, cathode (SM) | D27: copper, cathode | E27: World | F27: NZE | G27: =IEA_demand!D33 -> 501.618 | H27: =IEA_demand!E33 -> 1419.33 | I27: =IEA_demand!F33 -> 1445.27 | J27: =IEA_demand!G33 -> 1242.85 | K27: =IEA_demand!H33 -> 1107.76 | L27: =IEA_demand!I33 -> 1451.29
A28: Copper | B28: Other low emissions power generation | C28: market for copper, cathode (SM) | D28: copper, cathode | E28: World | F28: SPS | G28: =IEA_demand!D34 -> 82.822 | H28: =IEA_demand!E34 -> 123.155 | I28: =IEA_demand!F34 -> 80.941 | J28: =IEA_demand!G34 -> 82.857 | K28: =IEA_demand!H34 -> 107.788 | L28: =IEA_demand!I34 -> 103.818
A29: Copper | B29: Other low emissions power generation | C29: market for copper, cathode (SM) | D29: copper, cathode | E29: World | F29: NZE | G29: =IEA_demand!D35 -> 82.822 | H29: =IEA_demand!E35 -> 229.27 | I29: =IEA_demand!F35 -> 222.86 | J29: =IEA_demand!G35 -> 183.05 | K29: =IEA_demand!H35 -> 150.51 | L29: =IEA_demand!I35 -> 130.46
A30: Copper | B30: Electric vehicles | C30: market for copper, cathode (SM) | D30: copper, cathode | E30: World | F30: SPS | G30: =IEA_demand!D36 -> 395.95 | H30: =IEA_demand!E36 -> 1644.59 | I30: =IEA_demand!F36 -> 2594.14 | J30: =IEA_demand!G36 -> 3131.08 | K30: =IEA_demand!H36 -> 3286.87 | L30: =IEA_demand!I36 -> 3470.4
A31: Copper | B31: Electric vehicles | C31: market for copper, cathode (SM) | D31: copper, cathode | E31: World | F31: NZE | G31: =IEA_demand!D37 -> 395.95 | H31: =IEA_demand!E37 -> 2611.54 | I31: =IEA_demand!F37 -> 4028.1 | J31: =IEA_demand!G37 -> 4642.25 | K31: =IEA_demand!H37 -> 5043.91 | L31: =IEA_demand!I37 -> 5123.73
A32: Copper | B32: Grid battery storage | C32: market for copper, cathode (SM) | D32: copper, cathode | E32: World | F32: SPS | G32: =IEA_demand!D38 -> 39.5966 | H32: =IEA_demand!E38 -> 175.747 | I32: =IEA_demand!F38 -> 260.282 | J32: =IEA_demand!G38 -> 380.677 | K32: =IEA_demand!H38 -> 454.317 | L32: =IEA_demand!I38 -> 544.674
A33: Copper | B33: Grid battery storage | C33: market for copper, cathode (SM) | D33: copper, cathode | E33: World | F33: NZE | G33: =IEA_demand!D39 -> 39.5966 | H33: =IEA_demand!E39 -> 281.99 | I33: =IEA_demand!F39 -> 443.253 | J33: =IEA_demand!G39 -> 654.388 | K33: =IEA_demand!H39 -> 745.109 | L33: =IEA_demand!I39 -> 897.638
A34: Copper | B34: Electricity networks | C34: market for copper, cathode (SM) | D34: copper, cathode | E34: World | F34: SPS | G34: =IEA_demand!D40 -> 4143.48 | H34: =IEA_demand!E40 -> 6103.96 | I34: =IEA_demand!F40 -> 6168.15 | J34: =IEA_demand!G40 -> 6125.22 | K34: =IEA_demand!H40 -> 6312.07 | L34: =IEA_demand!I40 -> 6084.43
A35: Copper | B35: Electricity networks | C35: market for copper, cathode (SM) | D35: copper, cathode | E35: World | F35: NZE | G35: =IEA_demand!D41 -> 4143.48 | H35: =IEA_demand!E41 -> 7939.65 | I35: =IEA_demand!F41 -> 9793.41 | J35: =IEA_demand!G41 -> 10510.1 | K35: =IEA_demand!H41 -> 10437.8 | L35: =IEA_demand!I41 -> 9245.51
... A37: Copper | B37: Hydrogen technologies | C37: market for copper, cathode (SM) | D37: copper, cathode | E37: World | F37: NZE | G37: =IEA_demand!D43 -> 0.00212289 | H37: =IEA_demand!E43 -> 0.187135 | I37: =IEA_demand!F43 -> 0.203227 | J37: =IEA_demand!G43 -> 0.173466 | K37: =IEA_demand!H43 -> 0.148932 | L37: =IEA_demand!I43 -> 0.19252
A38: Dysprosium | B38: Wind | C38: market for dysprosium oxide | D38: dysprosium oxide | E38: GLO | F38: SPS | G38: =IEA_demand!D46 -> 0.8 | H38: =IEA_demand!E46 -> 1.33 | I38: =IEA_demand!F46 -> 1.13 | J38: =IEA_demand!G46 -> 0.94 | K38: =IEA_demand!H46 -> 1.02 | L38: =IEA_demand!I46 -> 1.33
A39: Dysprosium | B39: Wind | C39: market for dysprosium oxide | D39: dysprosium oxide | E39: GLO | F39: NZE | G39: =IEA_demand!D47 -> 0.8 | H39: =IEA_demand!E47 -> 2.34 | I39: =IEA_demand!F47 -> 2.32 | J39: =IEA_demand!G47 -> 1.97 | K39: =IEA_demand!H47 -> 1.77 | L39: =IEA_demand!I47 -> 2.31
A40: Dysprosium | B40: Electric vehicles | C40: market for dysprosium oxide | D40: dysprosium oxide | E40: GLO | F40: SPS | G40: =IEA_demand!D48 -> 0.53 | H40: =IEA_demand!E48 -> 1.77 | I40: =IEA_demand!F48 -> 2.47 | J40: =IEA_demand!G48 -> 2.81 | K40: =IEA_demand!H48 -> 2.98 | L40: =IEA_demand!I48 -> 3.11
A41: Dysprosium | B41: Electric vehicles | C41: market for dysprosium oxide | D41: dysprosium oxide | E41: GLO | F41: NZE | G41: =IEA_demand!D49 -> 0.53 | H41: =IEA_demand!E49 -> 2.55 | I41: =IEA_demand!F49 -> 3.61 | J41: =IEA_demand!G49 -> 3.74 | K41: =IEA_demand!H49 -> 3.94 | L41: =IEA_demand!I49 -> 4.06
A42: Gallium | B42: Solar PV | C42: market for gallium, semiconductor-grade | D42: gallium, semiconductor-grade | E42: GLO | F42: SPS | G42: =IEA_demand!D52 -> 0.0155539 | H42: =IEA_demand!E52 -> 0.159822 | I42: =IEA_demand!F52 -> 0.811249 | J42: =IEA_demand!G52 -> 4.38851 | K42: =IEA_demand!H52 -> 4.59198 | L42: =IEA_demand!I52 -> 5.03145
A43: Gallium | B43: Solar PV | C43: market for gallium, semiconductor-grade | D43: gallium, semiconductor-grade | E43: GLO | F43: NZE | G43: =IEA_demand!D53 -> 0.0155539 | H43: =IEA_demand!E53 -> 0.250526 | I43: =IEA_demand!F53 -> 1.31615 | J43: =IEA_demand!G53 -> 6.12414 | K43: =IEA_demand!H53 -> 4.98881 | L43: =IEA_demand!I53 -> 6.3222
A44: Graphite (battery-grade) | B44: Electric vehicles | C44: market for graphite, battery grade | D44: graphite, battery grade | E44: CN | F44: SPS | G44: =IEA_demand!D56 -> 685.564 | H44: =IEA_demand!E56 -> 2791.72 | I44: =IEA_demand!F56 -> 3825.6 | J44: =IEA_demand!G56 -> 3674.59 | K44: =IEA_demand!H56 -> 2768.2 | L44: =IEA_demand!I56 -> 2215.23
A45: Graphite (battery-grade) | B45: Electric vehicles | C45: market for graphite, battery grade | D45: graphite, battery grade | E45: CN | F45: NZE | G45: =IEA_demand!D57 -> 685.564 | H45: =IEA_demand!E57 -> 4537.46 | I45: =IEA_demand!F57 -> 6083.98 | J45: =IEA_demand!G57 -> 5777.93 | K45: =IEA_demand!H57 -> 4660.41 | L45: =IEA_demand!I57 -> 3593.25
A46: Graphite (battery-grade) | B46: Grid battery storage | C46: market for graphite, battery grade | D46: graphite, battery grade | E46: CN | F46: SPS | G46: =IEA_demand!D58 -> 86.6186 | H46: =IEA_demand!E58 -> 303.455 | I46: =IEA_demand!F58 -> 410.257 | J46: =IEA_demand!G58 -> 540.578 | K46: =IEA_demand!H58 -> 598.629 | L46: =IEA_demand!I58 -> 677
A47: Graphite (battery-grade) | B47: Grid battery storage | C47: market for graphite, battery grade | D47: graphite, battery grade | E47: CN | F47: NZE | G47: =IEA_demand!D59 -> 86.6186 | H47: =IEA_demand!E59 -> 486.902 | I47: =IEA_demand!F59 -> 698.656 | J47: =IEA_demand!G59 -> 929.261 | K47: =IEA_demand!H59 -> 981.79 | L47: =IEA_demand!I59 -> 1115.71
A48: Hafnium | B48: Other low emissions power generation | C48: market for hafnium sponge | D48: hafnium sponge | E48: GLO | F48: SPS | G48: =IEA_demand!D62 -> 0.00790403 | H48: =IEA_demand!E62 -> 0.012846 | I48: =IEA_demand!F62 -> 0.00811987 | J48: =IEA_demand!G62 -> 0.0062924 | K48: =IEA_demand!H62 -> 0.0101949 | L48: =IEA_demand!I62 -> 0.00747183
A49: Hafnium | B49: Other low emissions power generation | C49: market for hafnium sponge | D49: hafnium sponge | E49: GLO | F49: NZE | G49: =IEA_demand!D63 -> 0.00790403 | H49: =IEA_demand!E63 -> 0.0162314 | I49: =IEA_demand!F63 -> 0.0167239 | J49: =IEA_demand!G63 -> 0.0125126 | K49: =IEA_demand!H63 -> 0.0105916 | L49: =IEA_demand!I63 -> 0.00913654
A50: Indium | B50: Solar PV | C50: market for indium | D50: indium | E50: GLO | F50: SPS | G50: =IEA_demand!D64 -> 0.06 | H50: =IEA_demand!E64 -> 0.08 | I50: =IEA_demand!F64 -> 0.09 | J50: =IEA_demand!G64 -> 0.13 | K50: =IEA_demand!H64 -> 0.13 | L50: =IEA_demand!I64 -> 0.13
A51: Indium | B51: Solar PV | C51: market for indium | D51: indium | E51: GLO | F51: NZE | G51: =IEA_demand!D65 -> 0.07 | H51: =IEA_demand!E65 -> 0.12 | I51: =IEA_demand!F65 -> 0.13 | J51: =IEA_demand!G65 -> 0.17 | K51: =IEA_demand!H65 -> 0.12 | L51: =IEA_demand!I65 -> 0.15
A52: Indium | B52: Other low emissions power generation | C52: market for indium | D52: indium | E52: GLO | F52: SPS | G52: =IEA_demand!D66 -> 0.03 | H52: =IEA_demand!E66 -> 0.04 | I52: =IEA_demand!F66 -> 0.03 | J52: =IEA_demand!G66 -> 0.02 | K52: =IEA_demand!H66 -> 0.03 | L52: =IEA_demand!I66 -> 0.02
A53: Indium | B53: Other low emissions power generation | C53: market for indium | D53: indium | E53: GLO | F53: NZE | G53: =IEA_demand!D67 -> 0.03 | H53: =IEA_demand!E67 -> 0.05 | I53: =IEA_demand!F67 -> 0.06 | J53: =IEA_demand!G67 -> 0.04 | K53: =IEA_demand!H67 -> 0.04 | L53: =IEA_demand!I67 -> 0.03
A54: Iridium | B54: Hydrogen technologies | C54: platinum group metal, extraction and refinery operations | D54: iridium | E54: RU | F54: SPS | G54: =IEA_demand!D70 -> 0.000198936 | H54: =IEA_demand!E70 -> 0.000492349 | I54: =IEA_demand!F70 -> 0.000441688 | J54: =IEA_demand!G70 -> 0.000268345 | K54: =IEA_demand!H70 -> 0.000180725 | L54: =IEA_demand!I70 -> 0.000141375
A55: Iridium | B55: Hydrogen technologies | C55: platinum group metal, extraction and refinery operations | D55: iridium | E55: RU | F55: NZE | G55: =IEA_demand!D71 -> 0.000198936 | H55: =IEA_demand!E71 -> 0.0077249 | I55: =IEA_demand!F71 -> 0.00681658 | J55: =IEA_demand!G71 -> 0.00447584 | K55: =IEA_demand!H71 -> 0.00269011 | L55: =IEA_demand!I71 -> 0.00198719
A56: Lanthanum | B56: Other low emissions power generation | C56: market for lanthanum oxide | D56: lanthanum oxide | E56: GLO | F56: SPS | G56: =IEA_demand!D72 -> 0.00302492 | H56: =IEA_demand!E72 -> 0.00513654 | I56: =IEA_demand!F72 -> 0.00411039 | J56: =IEA_demand!G72 -> 0.00325747 | K56: =IEA_demand!H72 -> 0.0031444 | L56: =IEA_demand!I72 -> 0.00431834
A57: Lanthanum | B57: Other low emissions power generation | C57: market for lanthanum oxide | D57: lanthanum oxide | E57: GLO | F57: NZE | G57: =IEA_demand!D73 -> 0.00302492 | H57: =IEA_demand!E73 -> 0.0805917 | I57: =IEA_demand!F73 -> 0.0634357 | J57: =IEA_demand!G73 -> 0.0543327 | K57: =IEA_demand!H73 -> 0.0468046 | L57: =IEA_demand!I73 -> 0.0606993
A58: Lead | B58: Solar PV | C58: market for lead | D58: lead | E58: GLO | F58: SPS | G58: =IEA_demand!D74 -> 2.01 | H58: =IEA_demand!E74 -> 2.85 | I58: =IEA_demand!F74 -> 2.92 | J58: =IEA_demand!G74 -> 2.88 | K58: =IEA_demand!H74 -> 3.02 | L58: =IEA_demand!I74 -> 3.31
A59: Lead | B59: Solar PV | C59: market for lead | D59: lead | E59: GLO | F59: NZE | G59: =IEA_demand!D75 -> 2.01 | H59: =IEA_demand!E75 -> 4.57 | I59: =IEA_demand!F75 -> 4.76 | J59: =IEA_demand!G75 -> 4.02 | K59: =IEA_demand!H75 -> 3.28 | L59: =IEA_demand!I75 -> 4.16
A60: Lead | B60: Other low emissions power generation | C60: market for lead | D60: lead | E60: GLO | F60: SPS | G60: =IEA_demand!D76 -> 10.5 | H60: =IEA_demand!E76 -> 13.6 | I60: =IEA_demand!F76 -> 9.6 | J60: =IEA_demand!G76 -> 10.1 | K60: =IEA_demand!H76 -> 14.4 | L60: =IEA_demand!I76 -> 14.2
A61: Lead | B61: Other low emissions power generation | C61: market for lead | D61: lead | E61: GLO | F61: NZE | G61: =IEA_demand!D77 -> 10.5 | H61: =IEA_demand!E77 -> 27 | I61: =IEA_demand!F77 -> 21.5 | J61: =IEA_demand!G77 -> 17.7 | K61: =IEA_demand!H77 -> 15.7 | L61: =IEA_demand!I77 -> 14.3
A62: Lithium | B62: Electric vehicles | C62: market for lithium carbonate, battery grade (SM) | D62: lithium carbonate, battery grade | E62: World | F62: SPS | G62: =IEA_demand!D80 -> 82.8527 | H62: =IEA_demand!E80 -> 346.685 | I62: =IEA_demand!F80 -> 581.513 | J62: =IEA_demand!G80 -> 808.254 | K62: =IEA_demand!H80 -> 908.76 | L62: =IEA_demand!I80 -> 964.436
A63: Lithium | B63: Electric vehicles | C63: market for lithium carbonate, battery grade (SM) | D63: lithium carbonate, battery grade | E63: World | F63: NZE | G63: =IEA_demand!D81 -> 82.8527 | H63: =IEA_demand!E81 -> 559.744 | I63: =IEA_demand!F81 -> 908.983 | J63: =IEA_demand!G81 -> 1205.81 | K63: =IEA_demand!H81 -> 1410.26 | L63: =IEA_demand!I81 -> 1446.84
A64: Lithium | B64: Grid battery storage | C64: market for lithium carbonate, battery grade (SM) | D64: lithium carbonate, battery grade | E64: World | F64: SPS | G64: =IEA_demand!D82 -> 9.21956 | H64: =IEA_demand!E82 -> 34.8063 | I64: =IEA_demand!F82 -> 45.3536 | J64: =IEA_demand!G82 -> 59.387 | K64: =IEA_demand!H82 -> 68.2917 | L64: =IEA_demand!I82 -> 76.6447
A65: Lithium | B65: Grid battery storage | C65: market for lithium carbonate, battery grade (SM) | D65: lithium carbonate, battery grade | E65: World | F65: NZE | G65: =IEA_demand!D83 -> 9.21956 | H65: =IEA_demand!E83 -> 55.8476 | I65: =IEA_demand!F83 -> 77.2358 | J65: =IEA_demand!G83 -> 102.087 | K65: =IEA_demand!H83 -> 112.003 | L65: =IEA_demand!I83 -> 126.312
A66: Magnesium | B66: Other low emissions power generation | C66: market for magnesium | D66: magnesium | E66: GLO | F66: SPS | G66: =IEA_demand!D86 -> 8.05525 | H66: =IEA_demand!E86 -> 7.72476 | I66: =IEA_demand!F86 -> 10.1708 | J66: =IEA_demand!G86 -> 12.133 | K66: =IEA_demand!H86 -> 12.8941 | L66: =IEA_demand!I86 -> 15.1028
A67: Magnesium | B67: Other low emissions power generation | C67: market for magnesium | D67: magnesium | E67: GLO | F67: NZE | G67: =IEA_demand!D87 -> 8.05525 | H67: =IEA_demand!E87 -> 30.9498 | I67: =IEA_demand!F87 -> 54.5781 | J67: =IEA_demand!G87 -> 54.1798 | K67: =IEA_demand!H87 -> 42.314 | L67: =IEA_demand!I87 -> 33.6324
A68: Manganese | B68: Wind | C68: market for manganese sulfate | D68: manganese sulfate | E68: GLO | F68: SPS | G68: =IEA_demand!D88 -> 100.485 | H68: =IEA_demand!E88 -> 138.593 | I68: =IEA_demand!F88 -> 123.513 | J68: =IEA_demand!G88 -> 108.745 | K68: =IEA_demand!H88 -> 121.214 | L68: =IEA_demand!I88 -> 151.898
A69: Manganese | B69: Wind | C69: market for manganese sulfate | D69: manganese sulfate | E69: GLO | F69: NZE | G69: =IEA_demand!D89 -> 100.485 | H69: =IEA_demand!E89 -> 242.8 | I69: =IEA_demand!F89 -> 262.228 | J69: =IEA_demand!G89 -> 228.703 | K69: =IEA_demand!H89 -> 196.617 | L69: =IEA_demand!I89 -> 249.564
A70: Manganese | B70: Other low emissions power generation | C70: market for manganese sulfate | D70: manganese sulfate | E70: GLO | F70: SPS | G70: =IEA_demand!D90 -> 21.544 | H70: =IEA_demand!E90 -> 30.754 | I70: =IEA_demand!F90 -> 31.158 | J70: =IEA_demand!G90 -> 36.491 | K70: =IEA_demand!H90 -> 37.057 | L70: =IEA_demand!I90 -> 39.407
A71: Manganese | B71: Other low emissions power generation | C71: market for manganese sulfate | D71: manganese sulfate | E71: GLO | F71: NZE | G71: =IEA_demand!D91 -> 21.544 | H71: =IEA_demand!E91 -> 93.848 | I71: =IEA_demand!F91 -> 133.185 | J71: =IEA_demand!G91 -> 128.043 | K71: =IEA_demand!H91 -> 99.763 | L71: =IEA_demand!I91 -> 78.68
A72: Manganese | B72: Electric vehicles | C72: market for manganese sulfate | D72: manganese sulfate | E72: GLO | F72: SPS | G72: =IEA_demand!D92 -> 57.0316 | H72: =IEA_demand!E92 -> 325.511 | I72: =IEA_demand!F92 -> 725.719 | J72: =IEA_demand!G92 -> 1187.03 | K72: =IEA_demand!H92 -> 1475.5 | L72: =IEA_demand!I92 -> 1854
A73: Manganese | B73: Electric vehicles | C73: market for manganese sulfate | D73: manganese sulfate | E73: GLO | F73: NZE | G73: =IEA_demand!D93 -> 57.0316 | H73: =IEA_demand!E93 -> 518.434 | I73: =IEA_demand!F93 -> 1121.9 | J73: =IEA_demand!G93 -> 1762.73 | K73: =IEA_demand!H93 -> 2258.65 | L73: =IEA_demand!I93 -> 2723.17
A74: Manganese | B74: Grid battery storage | C74: market for manganese sulfate | D74: manganese sulfate | E74: GLO | F74: SPS | G74: =IEA_demand!D94 -> 2.66131 | H74: =IEA_demand!E94 -> 3.85453 | I74: =IEA_demand!F94 -> 3.04425 | J74: =IEA_demand!G94 -> 0 | K74: =IEA_demand!H94 -> 0 | L74: =IEA_demand!I94 -> 0
A75: Manganese | B75: Grid battery storage | C75: market for manganese sulfate | D75: manganese sulfate | E75: GLO | F75: NZE | G75: =IEA_demand!D95 -> 2.66131 | H75: =IEA_demand!E95 -> 6.18469 | I75: =IEA_demand!F95 -> 5.18428 | J75: =IEA_demand!G95 -> 0 | K75: =IEA_demand!H95 -> 0 | L75: =IEA_demand!I95 -> 0
A76: Molybdenum | B76: Solar PV | C76: market for molybdenite | D76: molybdenite | E76: GLO | F76: SPS | G76: =IEA_demand!D98 -> 0.259011 | H76: =IEA_demand!E98 -> 0.408536 | I76: =IEA_demand!F98 -> 0.425333 | J76: =IEA_demand!G98 -> 0.415712 | K76: =IEA_demand!H98 -> 0.401002 | L76: =IEA_demand!I98 -> 0.422775
A77: Molybdenum | B77: Solar PV | C77: market for molybdenite | D77: molybdenite | E77: GLO | F77: NZE | G77: =IEA_demand!D99 -> 0.259011 | H77: =IEA_demand!E99 -> 0.540838 | I77: =IEA_demand!F99 -> 0.538619 | J77: =IEA_demand!G99 -> 0.441696 | K77: =IEA_demand!H99 -> 0.296425 | L77: =IEA_demand!I99 -> 0.345091
A78: Molybdenum | B78: Wind | C78: market for molybdenite | D78: molybdenite | E78: GLO | F78: SPS | G78: =IEA_demand!D100 -> 13.2397 | H78: =IEA_demand!E100 -> 18.4644 | I78: =IEA_demand!F100 -> 16.4731 | J78: =IEA_demand!G100 -> 14.5114 | K78: =IEA_demand!H100 -> 16.1715 | L78: =IEA_demand!I100 -> 20.3216
A79: Molybdenum | B79: Wind | C79: market for molybdenite | D79: molybdenite | E79: GLO | F79: NZE | G79: =IEA_demand!D101 -> 13.2397 | H79: =IEA_demand!E101 -> 32.352 | I79: =IEA_demand!F101 -> 34.9167 | J79: =IEA_demand!G101 -> 30.5328 | K79: =IEA_demand!H101 -> 26.3335 | L79: =IEA_demand!I101 -> 33.5171
A80: Molybdenum | B80: Other low emissions power generation | C80: market for molybdenite | D80: molybdenite | E80: GLO | F80: SPS | G80: =IEA_demand!D102 -> 15.370689 | H80: =IEA_demand!E102 -> 30.667764 | I80: =IEA_demand!F102 -> 22.999267 | J80: =IEA_demand!G102 -> 26.283188 | K80: =IEA_demand!H102 -> 26.378398 | L80: =IEA_demand!I102 -> 24.156625
A81: Molybdenum | B81: Other low emissions power generation | C81: market for molybdenite | D81: molybdenite | E81: GLO | F81: NZE | G81: =IEA_demand!D103 -> 15.370689 | H81: =IEA_demand!E103 -> 71.476162 | I81: =IEA_demand!F103 -> 56.589881 | J81: =IEA_demand!G103 -> 45.721604 | K81: =IEA_demand!H103 -> 36.505675 | L81: =IEA_demand!I103 -> 28.981509
A82: Neodymium | B82: Wind | C82: market for neodymium oxide | D82: neodymium oxide | E82: GLO | F82: SPS | G82: =IEA_demand!D106 -> 7.43492 | H82: =IEA_demand!E106 -> 12.8855 | I82: =IEA_demand!F106 -> 10.9068 | J82: =IEA_demand!G106 -> 8.92051 | K82: =IEA_demand!H106 -> 9.69775 | L82: =IEA_demand!I106 -> 12.8033
A83: Neodymium | B83: Wind | C83: market for neodymium oxide | D83: neodymium oxide | E83: GLO | F83: NZE | G83: =IEA_demand!D107 -> 7.43492 | H83: =IEA_demand!E107 -> 22.0048 | I83: =IEA_demand!F107 -> 21.1792 | J83: =IEA_demand!G107 -> 17.5888 | K83: =IEA_demand!H107 -> 15.5697 | L83: =IEA_demand!I107 -> 19.8114
A84: Neodymium | B84: Electric vehicles | C84: market for neodymium oxide | D84: neodymium oxide | E84: GLO | F84: SPS | G84: =IEA_demand!D108 -> 5.164 | H84: =IEA_demand!E108 -> 17.9333 | I84: =IEA_demand!F108 -> 25.2326 | J84: =IEA_demand!G108 -> 28.7165 | K84: =IEA_demand!H108 -> 30.3904 | L84: =IEA_demand!I108 -> 31.7441
A85: Neodymium | B85: Electric vehicles | C85: market for neodymium oxide | D85: neodymium oxide | E85: GLO | F85: NZE | G85: =IEA_demand!D109 -> 5.164 | H85: =IEA_demand!E109 -> 25.745 | I85: =IEA_demand!F109 -> 36.6858 | J85: =IEA_demand!G109 -> 37.8326 | K85: =IEA_demand!H109 -> 39.854 | L85: =IEA_demand!I109 -> 41.0412
A86: Nickel | B86: Solar PV | C86: market for ferronickel | D86: ferronickel | E86: GLO | F86: SPS | G86: =IEA_demand!D112 -> 0.434666 | H86: =IEA_demand!E112 -> 0.61758 | I86: =IEA_demand!F112 -> 0.633609 | J86: =IEA_demand!G112 -> 0.624495 | K86: =IEA_demand!H112 -> 0.651396 | L86: =IEA_demand!I112 -> 0.711285
A87: Nickel | B87: Solar PV | C87: market for ferronickel | D87: ferronickel | E87: GLO | F87: NZE | G87: =IEA_demand!D113 -> 0.434666 | H87: =IEA_demand!E113 -> 0.990135 | I87: =IEA_demand!F113 -> 1.03197 | J87: =IEA_demand!G113 -> 0.870808 | K87: =IEA_demand!H113 -> 0.707078 | L87: =IEA_demand!I113 -> 0.893511
A88: Nickel | B88: Wind | C88: market for ferronickel | D88: ferronickel | E88: GLO | F88: SPS | G88: =IEA_demand!D114 -> 45.7392 | H88: =IEA_demand!E114 -> 60.2136 | I88: =IEA_demand!F114 -> 53.9508 | J88: =IEA_demand!G114 -> 47.9705 | K88: =IEA_demand!H114 -> 53.2458 | L88: =IEA_demand!I114 -> 65.2829
A89: Nickel | B89: Wind | C89: market for ferronickel | D89: ferronickel | E89: GLO | F89: NZE | G89: =IEA_demand!D115 -> 45.7392 | H89: =IEA_demand!E115 -> 105.425 | I89: =IEA_demand!F115 -> 115.437 | J89: =IEA_demand!G115 -> 100.648 | K89: =IEA_demand!H115 -> 84.4466 | L89: =IEA_demand!I115 -> 104.668
A90: Nickel | B90: Other low emissions power generation | C90: market for nickel, class 1 (SM) | D90: nickel, class 1 | E90: World | F90: SPS | G90: =IEA_demand!D116 -> 119.19613 | H90: =IEA_demand!E116 -> 317.81282 | I90: =IEA_demand!F116 -> 237.83159 | J90: =IEA_demand!G116 -> 276.604 | K90: =IEA_demand!H116 -> 235.7538 | L90: =IEA_demand!I116 -> 203.10781
A91: Nickel | B91: Other low emissions power generation | C91: market for nickel, class 1 (SM) | D91: nickel, class 1 | E91: World | F91: NZE | G91: =IEA_demand!D117 -> 119.19613 | H91: =IEA_demand!E117 -> 759.81886 | I91: =IEA_demand!F117 -> 613.73303 | J91: =IEA_demand!G117 -> 492.49219 | K91: =IEA_demand!H117 -> 374.44432 | L91: =IEA_demand!I117 -> 279.14649
A92: Nickel | B92: Electric vehicles | C92: market for nickel, class 1 (SM) | D92: nickel, class 1 | E92: World | F92: SPS | G92: =IEA_demand!D118 -> 299.268 | H92: =IEA_demand!E118 -> 1184.46 | I92: =IEA_demand!F118 -> 1759.43 | J92: =IEA_demand!G118 -> 2081.34 | K92: =IEA_demand!H118 -> 1997.76 | L92: =IEA_demand!I118 -> 1799.25
A93: Nickel | B93: Electric vehicles | C93: market for nickel, class 1 (SM) | D93: nickel, class 1 | E93: World | F93: NZE | G93: =IEA_demand!D119 -> 299.268 | H93: =IEA_demand!E119 -> 1825.34 | I93: =IEA_demand!F119 -> 2590.01 | J93: =IEA_demand!G119 -> 2921.33 | K93: =IEA_demand!H119 -> 2933.51 | L93: =IEA_demand!I119 -> 2634.18
A94: Nickel | B94: Grid battery storage | C94: market for nickel, class 1 (SM) | D94: nickel, class 1 | E94: World | F94: SPS | G94: =IEA_demand!D120 -> 12.1058 | H94: =IEA_demand!E120 -> 17.571 | I94: =IEA_demand!F120 -> 14.8227 | J94: =IEA_demand!G120 -> 0 | K94: =IEA_demand!H120 -> 0 | L94: =IEA_demand!I120 -> 0
A95: Nickel | B95: Grid battery storage | C95: market for nickel, class 1 (SM) | D95: nickel, class 1 | E95: World | F95: NZE | G95: =IEA_demand!D121 -> 12.1058 | H95: =IEA_demand!E121 -> 28.1931 | I95: =IEA_demand!F121 -> 25.2426 | J95: =IEA_demand!G121 -> 0 | K95: =IEA_demand!H121 -> 0 | L95: =IEA_demand!I121 -> 0
A96: Nickel | B96: Hydrogen technologies | C96: market for nickel, class 1 (SM) | D96: nickel, class 1 | E96: World | F96: SPS | G96: =IEA_demand!D122 -> 0.955346 | H96: =IEA_demand!E122 -> 4.71493 | I96: =IEA_demand!F122 -> 5.19287 | J96: =IEA_demand!G122 -> 4.09258 | K96: =IEA_demand!H122 -> 3.92909 | L96: =IEA_demand!I122 -> 5.36723
A97: Nickel | B97: Hydrogen technologies | C97: market for nickel, class 1 (SM) | D97: nickel, class 1 | E97: World | F97: NZE | G97: =IEA_demand!D123 -> 0.955346 | H97: =IEA_demand!E123 -> 73.9767 | I97: =IEA_demand!F123 -> 80.1416 | J97: =IEA_demand!G123 -> 68.2618 | K97: =IEA_demand!H123 -> 58.4847 | L97: =IEA_demand!I123 -> 75.4428
A98: Niobium | B98: Other low emissions power generation | C98: market for ferroniobium, 66% Nb | D98: ferroniobium, 66% Nb | E98: GLO | F98: SPS | G98: =IEA_demand!D126 -> 0.362905 | H98: =IEA_demand!E126 -> 0.586719 | I98: =IEA_demand!F126 -> 0.636004 | J98: =IEA_demand!G126 -> 0.770993 | K98: =IEA_demand!H126 -> 0.699266 | L98: =IEA_demand!I126 -> 0.756834
A99: Niobium | B99: Other low emissions power generation | C99: market for ferroniobium, 66% Nb | D99: ferroniobium, 66% Nb | E99: GLO | F99: NZE | G99: =IEA_demand!D127 -> 0.362905 | H99: =IEA_demand!E127 -> 1.97496 | I99: =IEA_demand!F127 -> 2.94491 | J99: =IEA_demand!G127 -> 2.86772 | K99: =IEA_demand!H127 -> 2.19895 | L99: =IEA_demand!I127 -> 1.70113
A100: PGMs | B100: Hydrogen technologies | C100: market for platinum | D100: platinum | E100: GLO | F100: SPS | G100: =IEA_demand!D128 -> 0.000977366 | H100: =IEA_demand!E128 -> 0.00668803 | I100: =IEA_demand!F128 -> 0.0097801 | J100: =IEA_demand!G128 -> 0.0134607 | K100: =IEA_demand!H128 -> 0.0150755 | L100: =IEA_demand!I128 -> 0.0154504
A101: PGMs | B101: Hydrogen technologies | C101: market for platinum | D101: platinum | E101: GLO | F101: NZE | G101: =IEA_demand!D129 -> 0.000977366 | H101: =IEA_demand!E129 -> 0.0320545 | I101: =IEA_demand!F129 -> 0.0608591 | J101: =IEA_demand!G129 -> 0.0912455 | K101: =IEA_demand!H129 -> 0.0986395 | L101: =IEA_demand!I129 -> 0.087478
...

Sheet EI_markets_roe
A1: Metal | B1: Technology | C1: Market | D1: Reference Product | E1: Location | F1: Scenario | G1: 2022 | H1: 2030 | I1: 2035 | J1: 2040 | K1: 2045 | L1: 2050
A2: Aluminium | B2: Rest of the economy | C2: market for aluminium, wrought alloy (SM) | D2: aluminium, wrought alloy | E2: World | F2: NZE | G2: 100065.44 | H2: 121513.49 | I2: 137047.3 | J2: 153044.41 | K2: 170972.87 | L2: 189969.26
A3: Arsenic | B3: Rest of the economy | C3: market for arsine | D3: arsine | E3: GLO | F3: NZE | G3: 61.5 | H3: 74.681922 | I3: 84.228966 | J3: 94.060754 | K3: 105.07954 | L3: 116.75469
A4: Boron | B4: Rest of the economy | C4: market for boric oxide | D4: boric oxide | E4: GLO | F4: NZE | G4: 3055.682 | H4: 3710.6375 | I4: 4184.9908 | J4: 4673.4919 | K4: 5220.9702 | L4: 5801.0601
A5: Cadmium | B5: Rest of the economy | C5: market for cadmium, semiconductor-grade | D5: cadmium, semiconductor-grade | E5: GLO | F5: NZE | G5: 23.41 | H5: 28.427704 | I5: 32.06179 | J5: 35.804264 | K5: 39.998571 | L5: 44.442719
A6: Chromium | B6: Rest of the economy | C6: market for ferrochromium, high-carbon, 68% Cr | D6: ferrochromium, high-carbon, 68% Cr | E6: GLO | F6: NZE | G6: 15487.97 | H6: 18807.665 | I6: 21211.963 | J6: 23687.97 | K6: 26462.908 | L6: 29403.14
A7: Cobalt | B7: Rest of the economy | C7: market for cobalt sulfate (SM) | D7: cobalt sulfate | E7: World | F7: NZE | G7: 135.60966 | H7: 164.67626 | I7: 185.72783 | J7: 207.40727 | K7: 231.70409 | L7: 257.44819
A8: Copper | B8: Rest of the economy | C8: market for copper, cathode (SM) | D8: copper, cathode | E8: World | F8: NZE | G8: 20628.301 | H8: 25049.775 | I8: 28252.04 | J8: 31549.814 | K8: 35245.732 | L8: 39161.803
A9: Dysprosium | B9: Rest of the economy | C9: market for dysprosium oxide | D9: dysprosium oxide | E9: GLO | F9: NZE | G9: 0.046958942 | H9: 0.057024131 | I9: 0.064313872 | J9: 0.071821032 | K9: 0.08023454 | L9: 0.089149213
A10: Gallium | B10: Rest of the economy | C10: market for gallium, semiconductor-grade | D10: gallium, semiconductor-grade | E10: GLO | F10: NZE | G10: 0.6174461 | H10: 0.74978962 | I10: 0.84563978 | J10: 0.94434871 | K10: 1.0549749 | L10: 1.1721907
A11: Graphite | B11: Rest of the economy | C11: market for graphite, battery grade | D11: graphite, battery grade | E11: CN | F11: NZE | G11: 757.8174 | H11: 920.24813 | I11: 1037.889 | J11: 1159.0386 | K11: 1294.8147 | L11: 1438.6786
A12: Indium | B12: Rest of the economy | C12: market for indium | D12: indium | E12: GLO | F12: NZE | G12: 0.92 | H12: 1.117193 | I12: 1.2600105 | J12: 1.4070877 | K12: 1.5719216 | L12: 1.7465742
... A36: Zirconium | B36: Rest of the economy | C36: market for zirconium oxide | D36: zirconium oxide | E36: GLO | F36: NZE | G36: 1230.57 | H36: 1494.3306 | I36: 1685.36 | J36: 1882.0869 | K36: 2102.5648 | L36: 2336.1759

Sheet IEA_demand
A1: Metal | B1: Technology | C1: Scenario | D1: 2022 | E1: 2030 | F1: 2035 | G1: 2040 | H1: 2045 | I1: 2050
A2: Aluminium | B2: Electricity networks | C2: SPS | D2: 10773.333 | E2: 14527 | F2: 14482 | G2: 14174 | H2: 14943 | I2: 14343
A3: Aluminium | B3: Electricity networks | C3: NZE | D3: 11045.667 | E3: 17872 | F3: 22818 | G3: 26403 | H3: 25148 | I3: 20759
A4: Arsenic | B4: Solar PV | C4: SPS | D4: 0 | E4: 0.343221 | F4: 1.97674 | G4: 10.9458 | H4: 11.4615 | I4: 12.5651
A5: Arsenic | B5: Solar PV | C5: NZE | D5: 0 | E5: 0.551123 | F5: 3.22612 | G5: 15.2916 | H5: 12.4686 | I5: 15.8108
A6: Boron | B6: Wind | C6: SPS | D6: 0.206005 | E6: 0.401025 | F6: 0.349539 | G6: 0.292967 | H6: 0.331853 | I6: 0.466954
A7: Boron | B7: Wind | C7: NZE | D7: 0.206005 | E7: 0.705002 | F7: 0.706441 | G7: 0.625155 | H7: 0.611907 | I7: 0.86571
A8: Cadmium | B8: Solar PV | C8: SPS | D8: 0.67 | E8: 0.66 | F8: 0.68 | G8: 0.67 | H8: 0.68 | I8: 0.72
A9: Cadmium | B9: Solar PV | C9: NZE | D9: 0.67 | E9: 1.49 | F9: 1.42 | G9: 1.03 | H9: 0.65 | I9: 0.52
A10: Cadmium | B10: Other low emissions power generation | C10: SPS | D10: 0.02 | E10: 0.03 | F10: 0.02 | G10: 0.01 | H10: 0.02 | I10: 0.02
A11: Cadmium | B11: Other low emissions power generation | C11: NZE | D11: 0.02 | E11: 0.03 | F11: 0.03 | G11: 0.03 | H11: 0.02 | I11: 0.02
A12: Cadmium | B12: Total | C12: SPS | D12: 0.687649 | E12: 0.683595 | F12: 0.695917 | G12: 0.687914 | H12: 0.706137 | I12: 0.734046
... A199: Zirconium | B199: Total | C199: NZE | D199: 0.634481 | E199: 11.1363 | F199: 11.9887 | G199: 10.0979 | H199: 8.64033 | I199: 10.854

Sheet roe_demand

Sheet d
B1: Metal_proj | D1: Metal_ei
B2: Aluminium | D2: Aluminium | F2: 1
B3: Arsenic | D3: Arsenic | F3: 2
B4: Boron | D4: Boron | F4: 3
B5: Cadmium | D5: Cadmium | F5: 4
B6: Chromium | D6: Chromium | F6: 5
B7: Cobalt | D7: Cobalt | F7: 6 | I7: No technology for, to put in 'Other':
B8: Copper | D8: Copper | F8: 7 | I8: Hafnium
B9: Dysprosium | D9: Dysprosium | F9: 8 | I9: Lanthanum
B10: Gallium | D10: Ferromanganese | E10: Hypothesis made based on manganese | F10: 9 | I10: Magnesium
B11: Germanium | C11: No market in EI3.8? | D11: Ferronickel | E11: Hypothesis made based on nickel | F11: 10 | I11: Niobium
B12: Graphite | D12: Gallium | F12: 11 | I12: Tantalum
B13: Indium | D13: Graphite | F13: 12 | I13: Titanium
B14: Iridium | D14: Indium | F14: 13 | I14: Tungsten
B15: Lead | D15: Iridium | E15: Market for PGM is chosen | F15: 14
B16: Lithium | D16: Lead | F16: 15
B17: Manganese | D17: Lithium | F17: 16
B18: Molybdenum | D18: Manganese | F18: 17 | I18: No EI3.8 for:
B19: Neodymium | D19: Molybdenum | F19: 18 | I19: Germanium
B20: Nickel | D20: Neodymium | F20: 19 | I20: Iridium
B21: PGM | D21: Nickel | F21: 20 | I21: Vanadium
B22: Praseodymium | D22: Platinum | E22: Market for platinum is chosen | F22: 21
B23: Selenium | D23: Praseodymium | F23: 22
B24: Silicon | D24: Selenium | F24: 23
B25: Silver | D25: Silicon | F25: 24
B26: Tellurium | D26: Silver | F26: 25
B27: Terbium | D27: Tellurium | F27: 26
B28: Tin | D28: Terbium | F28: 27
B29: Vanadium | D29: Tin | F29: 28
B30: Yttrium | C30: No market in EI3.8? | D30: Vanadium | F30: 29
B31: Zinc | D31: Zinc | F31: 30
B32: Zirconium | D32: Zirconium | F32: 31

Sheet EI_markets_old
A1: Metal | B1: Technology | C1: Market | D1: Reference Product | E1: Location | F1: Scenario | G1: 2022 | H1: 2025 | I1: 2030 | J1: 2035 | K1: 2040 | L1: 2045 | M1: 2050
A2: Aluminium | B2: Electricity Networks | C2: market for aluminium, wrought alloy (SM) | D2: aluminium, wrought alloy | E2: World | F2: NZE | G2: 10357 | H2: 12423 | I2: 17872 | J2: 22818 | K2: 26403 | L2: 25148 | M2: 20759
A3: Aluminium | B3: Electricity Networks | C3: market for aluminium, wrought alloy (SM) | D3: aluminium, wrought alloy | E3: World | F3: SPS | G3: 10357 | H3: 11606 | I3: 14527 | J3: 14482 | K3: 14174 | L3: 14943 | M3: 14343
A4: Arsenic | B4: Solar PV | C4: market for arsine | D4: arsine | E4: GLO | F4: NZE | G4: 0 | H4: 0 | I4: 0.436136 | J4: 2.506 | K4: 13.8113 | L4: 11.2171 | M4: 12.5443
A5: Arsenic | B5: Solar PV | C5: market for arsine | D5: arsine | E5: GLO | F5: SPS | G5: 0 | H5: 0 | I5: 0.190329 | J5: 1.08483 | K5: 6.38179 | L5: 7.38525 | M5: 8.34983
A6: Boron | B6: Wind | C6: market for boric oxide | D6: boric oxide | E6: GLO | F6: NZE | G6: 0.158618 | H6: 0.282352 | I6: 0.73109 | J6: 0.72847 | K6: 0.691595 | L6: 0.472797 | M6: 0.746079
A7: Boron | B7: Wind | C7: market for boric oxide | D7: boric oxide | E7: GLO | F7: SPS | G7: 0.158618 | H7: 0.175778 | I7: 0.314919 | J7: 0.287788 | K7: 0.259729 | L7: 0.329544 | M7: 0.408226
A8: Cadmium | B8: Solar PV | C8: market for cadmium, semiconductor-grade | D8: cadmium, semiconductor-grade | E8: GLO | F8: NZE | G8: 0.420843 | H8: 0.770334 | I8: 1.22404 | J8: 1.13261 | K8: 0.954223 | L8: 0.598829 | M8: 0.431189
A9: Cadmium | B9: Solar PV | C9: market for cadmium, semiconductor-grade | D9: cadmium, semiconductor-grade | E9: GLO | F9: SPS | G9: 0.420843 | H9: 0.420292 | I9: 0.397562 | J9: 0.395331 | K9: 0.4115 | L9: 0.465976 | M9: 0.503529
A10: Chromium | B10: Wind | C10: market for ferrochromium, high-carbon, 68% Cr | D10: ferrochromium, high-carbon, 68% Cr | E10: GLO | F10: NZE | G10: 50.316 | H10: 90.7843 | I10: 194.749 | J10: 184.31 | K10: 150.32 | L10: 104.515 | M10: 155.083
A11: Chromium | B11: Wind | C11: market for ferrochromium, high-carbon, 68% Cr | D11: ferrochromium, high-carbon, 68% Cr | E11: GLO | F11: SPS | G11: 50.316 | H11: 54.1772 | I11: 72.675 | J11: 70.6757 | K11: 65.8656 | L11: 81.2922 | M11: 90.0715
A12: Cobalt | B12: Battery Storage | C12: market for cobalt sulfate (SM) | D12: cobalt sulfate | E12: World | F12: NZE | G12: 3.58853 | H12: 6.22965 | I12: 17.0211 | J12: 17.7203 | K12: 14.4376 | L12: 6.95082 | M12: 0
A13: Cobalt | B13: EV | C13: market for cobalt sulfate (SM) | D13: cobalt sulfate | E13: World | F13: NZE | G13: 64.5606 | H13: 130.418 | I13: 187.993 | J13: 230.828 | K13: 243.972 | L13: 278.214 | M13: 290.557
... A105: Zirconium | B105: Hydrogen | C105: market for zirconium oxide | D105: zirconium oxide | E105: GLO | F105: SPS | G105: 0.239703 | H105: 0.329434 | I105: 0.718836 | J105: 0.574094 | K105: 0.515841 | L105: 0.557571 | M105: 0.775065

Sheet IEA_demand_OLD
A1: Technology | B1: Detail | C1: Metal | D1: Scenario | E1: 2022 | F1: 2023 | G1: 2024 | H1: 2025 | I1: 2026 | J1: 2027 | K1: 2028 | L1: 2029 | M1: 2030 | N1: 2031 | O1: 2032 | P1: 2033 | Q1: 2034 | R1: 2035 | S1: 2036 | T1: 2037 | U1: 2038 | V1: 2039 | W1: 2040 | X1: 2041 | Y1: 2042 | Z1: 2043 | AA1: 2044 | AB1: 2045 | AC1: 2046 | AD1: 2047 | AE1: 2048 | AF1: 2049 | AG1: 2050 | AH1: cum_demand
A2: Electricity Networks | B2: Wire | C2: Aluminium | D2: SPS | E2: 10357 | F2: =(($H2-$E2)/($H$1-$E$1))*(F$1-$E$1)+$E2 -> 10773.333 | G2: =(($H2-$E2)/($H$1-$E$1))*(G$1-$E$1)+$E2 -> 11189.667 | H2: 11606 | I2: =(($M2-$H2)/($M$1-$H$1))*(I$1-$H$1)+$H2 -> 12190.2 | J2: =(($M2-$H2)/($M$1-$H$1))*(J$1-$H$1)+$H2 -> 12774.4 | K2: =(($M2-$H2)/($M$1-$H$1))*(K$1-$H$1)+$H2 -> 13358.6 | L2: =(($M2-$H2)/($M$1-$H$1))*(L$1-$H$1)+$H2 -> 13942.8 | M2: 14527 | N2: =(($R2-$M2)/($R$1-$M$1))*(N$1-$M$1)+$M2 -> 14518 | O2: =(($R2-$M2)/($R$1-$M$1))*(O$1-$M$1)+$M2 -> 14509 | P2: =(($R2-$M2)/($R$1-$M$1))*(P$1-$M$1)+$M2 -> 14500 | Q2: =(($R2-$M2)/($R$1-$M$1))*(Q$1-$M$1)+$M2 -> 14491 | R2: 14482 | S2: =(($W2-$R2)/($W$1-$R$1))*(S$1-$R$1)+$R2 -> 14420.4 | T2: =(($W2-$R2)/($W$1-$R$1))*(T$1-$R$1)+$R2 -> 14358.8 | U2: =(($W2-$R2)/($W$1-$R$1))*(U$1-$R$1)+$R2 -> 14297.2 | V2: =(($W2-$R2)/($W$1-$R$1))*(V$1-$R$1)+$R2 -> 14235.6 | W2: 14174 | X2: =(($AB2-$W2)/($AB$1-$W$1))*(X$1-$W$1)+$W2 -> 14327.8 | Y2: =(($AB2-$W2)/($AB$1-$W$1))*(Y$1-$W$1)+$W2 -> 14481.6 | Z2: =(($AB2-$W2)/($AB$1-$W$1))*(Z$1-$W$1)+$W2 -> 14635.4 | AA2: =(($AB2-$W2)/($AB$1-$W$1))*(AA$1-$W$1)+$W2 -> 14789.2 | AB2: 14943 | AC2: =(($AG2-$AB2)/($AG$1-$AB$1))*(AC$1-$AB$1)+$AB2 -> 14823 | AD2: =(($AG2-$AB2)/($AG$1-$AB$1))*(AD$1-$AB$1)+$AB2 -> 14703 | AE2: =(($AG2-$AB2)/($AG$1-$AB$1))*(AE$1-$AB$1)+$AB2 -> 14583 | AF2: =(($AG2-$AB2)/($AG$1-$AB$1))*(AF$1-$AB$1)+$AB2 -> 14463 | AG2: 14343 | AH2: =SUM(Tableau2[[#This Row],[2022]:[2050]]) -> 400797
A3: Electricity Networks | B3: Wire | C3: Aluminium | D3: APS | E3: 10357 | F3: =(($H3-$E3)/($H$1-$E$1))*(F$1-$E$1)+$E3 -> 10853.333 | G3: =(($H3-$E3)/($H$1-$E$1))*(G$1-$E$1)+$E3 -> 11349.667 | H3: 11846 | I3: =(($M3-$H3)/($M$1-$H$1))*(I$1-$H$1)+$H3 -> 12606.6 | J3: =(($M3-$H3)/($M$1-$H$1))*(J$1-$H$1)+$H3 -> 13367.2 | K3: =(($M3-$H3)/($M$1-$H$1))*(K$1-$H$1)+$H3 -> 14127.8 | L3: =(($M3-$H3)/($M$1-$H$1))*(L$1-$H$1)+$H3 -> 14888.4 | M3: 15649 | N3: =(($R3-$M3)/($R$1-$M$1))*(N$1-$M$1)+$M3 -> 15981.2 | O3: =(($R3-$M3)/($R$1-$M$1))*(O$1-$M$1)+$M3 -> 16313.4 | P3: =(($R3-$M3)/($R$1-$M$1))*(P$1-$M$1)+$M3 -> 16645.6 | Q3: =(($R3-$M3)/($R$1-$M$1))*(Q$1-$M$1)+$M3 -> 16977.8 | R3: 17310 | S3: =(($W3-$R3)/($W$1-$R$1))*(S$1-$R$1)+$R3 -> 17541.4 | T3: =(($W3-$R3)/($W$1-$R$1))*(T$1-$R$1)+$R3 -> 17772.8 | U3: =(($W3-$R3)/($W$1-$R$1))*(U$1-$R$1)+$R3 -> 18004.2 | V3: =(($W3-$R3)/($W$1-$R$1))*(V$1-$R$1)+$R3 -> 18235.6 | W3: 18467 | X3: =(($AB3-$W3)/($AB$1-$W$1))*(X$1-$W$1)+$W3 -> 18709.4 | Y3: =(($AB3-$W3)/($AB$1-$W$1))*(Y$1-$W$1)+$W3 -> 18951.8 | Z3: =(($AB3-$W3)/($AB$1-$W$1))*(Z$1-$W$1)+$W3 -> 19194.2 | AA3: =(($AB3-$W3)/($AB$1-$W$1))*(AA$1-$W$1)+$W3 -> 19436.6 | AB3: 19679 | AC3: =(($AG3-$AB3)/($AG$1-$AB$1))*(AC$1-$AB$1)+$AB3 -> 19534.6 | AD3: =(($AG3-$AB3)/($AG$1-$AB$1))*(AD$1-$AB$1)+$AB3 -> 19390.2 | AE3: =(($AG3-$AB3)/($AG$1-$AB$1))*(AE$1-$AB$1)+$AB3 -> 19245.8 | AF3: =(($AG3-$AB3)/($AG$1-$AB$1))*(AF$1-$AB$1)+$AB3 -> 19101.4 | AG3: 18957 | AH3: =SUM(Tableau2[[#This Row],[2022]:[2050]]) -> 480494
A4: Electricity Networks | B4: Wire | C4: Aluminium | D4: NZE | E4: 10357 | F4: =(($H4-$E4)/($H$1-$E$1))*(F$1-$E$1)+$E4 -> 11045.667 | G4: =(($H4-$E4)/($H$1-$E$1))*(G$1-$E$1)+$E4 -> 11734.333 | H4: 12423 | I4: =(($M4-$H4)/($M$1-$H$1))*(I$1-$H$1)+$H4 -> 13512.8 | J4: =(($M4-$H4)/($M$1-$H$1))*(J$1-$H$1)+$H4 -> 14602.6 | K4: =(($M4-$H4)/($M$1-$H$1))*(K$1-$H$1)+$H4 -> 15692.4 | L4: =(($M4-$H4)/($M$1-$H$1))*(L$1-$H$1)+$H4 -> 16782.2 | M4: 17872 | N4: =(($R4-$M4)/($R$1-$M$1))*(N$1-$M$1)+$M4 -> 18861.2 | O4: =(($R4-$M4)/($R$1-$M$1))*(O$1-$M$1)+$M4 -> 19850.4 | P4: =(($R4-$M4)/($R$1-$M$1))*(P$1-$M$1)+$M4 -> 20839.6 | Q4: =(($R4-$M4)/($R$1-$M$1))*(Q$1-$M$1)+$M4 -> 21828.8 | R4: 22818 | S4: =(($W4-$R4)/($W$1-$R$1))*(S$1-$R$1)+$R4 -> 23535 | T4: =(($W4-$R4)/($W$1-$R$1))*(T$1-$R$1)+$R4 -> 24252 | U4: =(($W4-$R4)/($W$1-$R$1))*(U$1-$R$1)+$R4 -> 24969 | V4: =(($W4-$R4)/($W$1-$R$1))*(V$1-$R$1)+$R4 -> 25686 | W4: 26403 | X4: =(($AB4-$W4)/($AB$1-$W$1))*(X$1-$W$1)+$W4 -> 26152 | Y4: =(($AB4-$W4)/($AB$1-$W$1))*(Y$1-$W$1)+$W4 -> 25901 | Z4: =(($AB4-$W4)/($AB$1-$W$1))*(Z$1-$W$1)+$W4 -> 25650 | AA4: =(($AB4-$W4)/($AB$1-$W$1))*(AA$1-$W$1)+$W4 -> 25399 | AB4: 25148 | AC4: =(($AG4-$AB4)/($AG$1-$AB$1))*(AC$1-$AB$1)+$AB4 -> 24270.2 | AD4: =(($AG4-$AB4)/($AG$1-$AB$1))*(AD$1-$AB$1)+$AB4 -> 23392.4 | AE4: =(($AG4-$AB4)/($AG$1-$AB$1))*(AE$1-$AB$1)+$AB4 -> 22514.6 | AF4: =(($AG4-$AB4)/($AG$1-$AB$1))*(AF$1-$AB$1)+$AB4 -> 21636.8 | AG4: 20759 | AH4: =SUM(Tableau2[[#This Row],[2022]:[2050]]) -> 593888
A5: Solar PV | B5: GaAs | C5: Arsenic | D5: SPS | E5: 0 | F5: =(($H5-$E5)/($H$1-$E$1))*(F$1-$E$1)+$E5 -> 0 | G5: =(($H5-$E5)/($H$1-$E$1))*(G$1-$E$1)+$E5 -> 0 | H5: 0 | I5: =(($M5-$H5)/($M$1-$H$1))*(I$1-$H$1)+$H5 -> 0.0380658 | J5: =(($M5-$H5)/($M$1-$H$1))*(J$1-$H$1)+$H5 -> 0.0761316 | K5: =(($M5-$H5)/($M$1-$H$1))*(K$1-$H$1)+$H5 -> 0.1141974 | L5: =(($M5-$H5)/($M$1-$H$1))*(L$1-$H$1)+$H5 -> 0.1522632 | M5: 0.190329 | N5: =(($R5-$M5)/($R$1-$M$1))*(N$1-$M$1)+$M5 -> 0.3692292 | O5: =(($R5-$M5)/($R$1-$M$1))*(O$1-$M$1)+$M5 -> 0.5481294 | P5: =(($R5-$M5)/($R$1-$M$1))*(P$1-$M$1)+$M5 -> 0.7270296 | Q5: =(($R5-$M5)/($R$1-$M$1))*(Q$1-$M$1)+$M5 -> 0.9059298 | R5: 1.08483 | S5: =(($W5-$R5)/($W$1-$R$1))*(S$1-$R$1)+$R5 -> 2.144222 | T5: =(($W5-$R5)/($W$1-$R$1))*(T$1-$R$1)+$R5 -> 3.203614 | U5: =(($W5-$R5)/($W$1-$R$1))*(U$1-$R$1)+$R5 -> 4.263006 | V5: =(($W5-$R5)/($W$1-$R$1))*(V$1-$R$1)+$R5 -> 5.322398 | W5: 6.38179 | X5: =(($AB5-$W5)/($AB$1-$W$1))*(X$1-$W$1)+$W5 -> 6.582482 | Y5: =(($AB5-$W5)/($AB$1-$W$1))*(Y$1-$W$1)+$W5 -> 6.783174 | Z5: =(($AB5-$W5)/($AB$1-$W$1))*(Z$1-$W$1)+$W5 -> 6.983866 | AA5: =(($AB5-$W5)/($AB$1-$W$1))*(AA$1-$W$1)+$W5 -> 7.184558 | AB5: 7.38525 | AC5: =(($AG5-$AB5)/($AG$1-$AB$1))*(AC$1-$AB$1)+$AB5 -> 7.578166 | AD5: =(($AG5-$AB5)/($AG$1-$AB$1))*(AD$1-$AB$1)+$AB5 -> 7.771082 | AE5: =(($AG5-$AB5)/($AG$1-$AB$1))*(AE$1-$AB$1)+$AB5 -> 7.963998 | AF5: =(($AG5-$AB5)/($AG$1-$AB$1))*(AF$1-$AB$1)+$AB5 -> 8.156914 | AG5: 8.34983 | AH5: =SUM(Tableau2[[#This Row],[2022]:[2050]]) -> 100.26049
A6: Solar PV | B6: GaAs | C6: Arsenic | D6: APS | E6: 0 | F6: =(($H6-$E6)/($H$1-$E$1))*(F$1-$E$1)+$E6 -> 0 | G6: =(($H6-$E6)/($H$1-$E$1))*(G$1-$E$1)+$E6 -> 0 | H6: 0 | I6: =(($M6-$H6)/($M$1-$H$1))*(I$1-$H$1)+$H6 -> 0.050845 | J6: =(($M6-$H6)/($M$1-$H$1))*(J$1-$H$1)+$H6 -> 0.10169 | K6: =(($M6-$H6)/($M$1-$H$1))*(K$1-$H$1)+$H6 -> 0.152535 | L6: =(($M6-$H6)/($M$1-$H$1))*(L$1-$H$1)+$H6 -> 0.20338 | M6: 0.254225 | N6: =(($R6-$M6)/($R$1-$M$1))*(N$1-$M$1)+$M6 -> 0.538666 | O6: =(($R6-$M6)/($R$1-$M$1))*(O$1-$M$1)+$M6 -> 0.823107 | P6: =(($R6-$M6)/($R$1-$M$1))*(P$1-$M$1)+$M6 -> 1.107548 | Q6: =(($R6-$M6)/($R$1-$M$1))*(Q$1-$M$1)+$M6 -> 1.391989 | R6: 1.67643 | S6: =(($W6-$R6)/($W$1-$R$1))*(S$1-$R$1)+$R6 -> 3.284686 | T6: =(($W6-$R6)/($W$1-$R$1))*(T$1-$R$1)+$R6 -> 4.892942 | U6: =(($W6-$R6)/($W$1-$R$1))*(U$1-$R$1)+$R6 -> 6.501198 | V6: =(($W6-$R6)/($W$1-$R$1))*(V$1-$R$1)+$R6 -> 8.109454 | W6: 9.71771 | X6: =(($AB6-$W6)/($AB$1-$W$1))*(X$1-$W$1)+$W6 -> 10.055748 | Y6: =(($AB6-$W6)/($AB$1-$W$1))*(Y$1-$W$1)+$W6 -> 10.393786 | Z6: =(($AB6-$W6)/($AB$1-$W$1))*(Z$1-$W$1)+$W6 -> 10.731824 | AA6: =(($AB6-$W6)/($AB$1-$W$1))*(AA$1-$W$1)+$W6 -> 11.069862 | AB6: 11.4079 | AC6: =(($AG6-$AB6)/($AG$1-$AB$1))*(AC$1-$AB$1)+$AB6 -> 11.69186 | AD6: =(($AG6-$AB6)/($AG$1-$AB$1))*(AD$1-$AB$1)+$AB6 -> 11.97582 | AE6: =(($AG6-$AB6)/($AG$1-$AB$1))*(AE$1-$AB$1)+$AB6 -> 12.25978 | AF6: =(($AG6-$AB6)/($AG$1-$AB$1))*(AF$1-$AB$1)+$AB6 -> 12.54374 | AG6: 12.8277 | AH6: =SUM(Tableau2[[#This Row],[2022]:[2050]]) -> 153.76443
A7: Solar PV | B7: GaAs | C7: Arsenic | D7: NZE | E7: 0 | F7: =(($H7-$E7)/($H$1-$E$1))*(F$1-$E$1)+$E7 -> 0 | G7: =(($H7-$E7)/($H$1-$E$1))*(G$1-$E$1)+$E7 -> 0 | H7: 0 | I7: =(($M7-$H7)/($M$1-$H$1))*(I$1-$H$1)+$H7 -> 0.0872272 | J7: =(($M7-$H7)/($M$1-$H$1))*(J$1-$H$1)+$H7 -> 0.1744544 | K7: =(($M7-$H7)/($M$1-$H$1))*(K$1-$H$1)+$H7 -> 0.2616816 | L7: =(($M7-$H7)/($M$1-$H$1))*(L$1-$H$1)+$H7 -> 0.3489088 | M7: 0.436136 | N7: =(($R7-$M7)/($R$1-$M$1))*(N$1-$M$1)+$M7 -> 0.8501088 | O7: =(($R7-$M7)/($R$1-$M$1))*(O$1-$M$1)+$M7 -> 1.2640816 | P7: =(($R7-$M7)/($R$1-$M$1))*(P$1-$M$1)+$M7 -> 1.6780544 | Q7: =(($R7-$M7)/($R$1-$M$1))*(Q$1-$M$1)+$M7 -> 2.0920272 | R7: 2.506 | S7: =(($W7-$R7)/($W$1-$R$1))*(S$1-$R$1)+$R7 -> 4.76706 | T7: =(($W7-$R7)/($W$1-$R$1))*(T$1-$R$1)+$R7 -> 7.02812 | U7: =(($W7-$R7)/($W$1-$R$1))*(U$1-$R$1)+$R7 -> 9.28918 | V7: =(($W7-$R7)/($W$1-$R$1))*(V$1-$R$1)+$R7 -> 11.55024 | W7: 13.8113 | X7: =(($AB7-$W7)/($AB$1-$W$1))*(X$1-$W$1)+$W7 -> 13.29246 | Y7: =(($AB7-$W7)/($AB$1-$W$1))*(Y$1-$W$1)+$W7 -> 12.77362 | Z7: =(($AB7-$W7)/($AB$1-$W$1))*(Z$1-$W$1)+$W7 -> 12.25478 | AA7: =(($AB7-$W7)/($AB$1-$W$1))*(AA$1-$W$1)+$W7 -> 11.73594 | AB7: 11.2171 | AC7: =(($AG7-$AB7)/($AG$1-$AB$1))*(AC$1-$AB$1)+$AB7 -> 11.48254 | AD7: =(($AG7-$AB7)/($AG$1-$AB$1))*(AD$1-$AB$1)+$AB7 -> 11.74798 | AE7: =(($AG7-$AB7)/($AG$1-$AB$1))*(AE$1-$AB$1)+$AB7 -> 12.01342 | AF7: =(($AG7-$AB7)/($AG$1-$AB$1))*(AF$1-$AB$1)+$AB7 -> 12.27886 | AG7: 12.5443 | AH7: =SUM(Tableau2[[#This Row],[2022]:[2050]]) -> 177.48558
A8: Wind | B8: PMSG | C8: Boron | D8: SPS | E8: 0.158457 | F8: =(($H8-$E8)/($H$1-$E$1))*(F$1-$E$1)+$E8 -> 0.16416867 | G8: =(($H8-$E8)/($H$1-$E$1))*(G$1-$E$1)+$E8 -> 0.16988033 | H8: 0.175592 | I8: =(($M8-$H8)/($M$1-$H$1))*(I$1-$H$1)+$H8 -> 0.2034132 | J8: =(($M8-$H8)/($M$1-$H$1))*(J$1-$H$1)+$H8 -> 0.2312344 | K8: =(($M8-$H8)/($M$1-$H$1))*(K$1-$H$1)+$H8 -> 0.2590556 | L8: =(($M8-$H8)/($M$1-$H$1))*(L$1-$H$1)+$H8 -> 0.2868768 | M8: 0.314698 | N8: =(($R8-$M8)/($R$1-$M$1))*(N$1-$M$1)+$M8 -> 0.309271 | O8: =(($R8-$M8)/($R$1-$M$1))*(O$1-$M$1)+$M8 -> 0.303844 | P8: =(($R8-$M8)/($R$1-$M$1))*(P$1-$M$1)+$M8 -> 0.298417 | Q8: =(($R8-$M8)/($R$1-$M$1))*(Q$1-$M$1)+$M8 -> 0.29299 | R8: 0.287563 | S8: =(($W8-$R8)/($W$1-$R$1))*(S$1-$R$1)+$R8 -> 0.2819488 | T8: =(($W8-$R8)/($W$1-$R$1))*(T$1-$R$1)+$R8 -> 0.2763346 | U8: =(($W8-$R8)/($W$1-$R$1))*(U$1-$R$1)+$R8 -> 0.2707204 | V8: =(($W8-$R8)/($W$1-$R$1))*(V$1-$R$1)+$R8 -> 0.2651062 | W8: 0.259492 | X8: =(($AB8-$W8)/($AB$1-$W$1))*(X$1-$W$1)+$W8 -> 0.2734476 | Y8: =(($AB8-$W8)/($AB$1-$W$1))*(Y$1-$W$1)+$W8 -> 0.2874032 | Z8: =(($AB8-$W8)/($AB$1-$W$1))*(Z$1-$W$1)+$W8 -> 0.3013588 | AA8: =(($AB8-$W8)/($AB$1-$W$1))*(AA$1-$W$1)+$W8 -> 0.3153144 | AB8: 0.32927 | AC8: =(($AG8-$AB8)/($AG$1-$AB$1))*(AC$1-$AB$1)+$AB8 -> 0.3449992 | AD8: =(($AG8-$AB8)/($AG$1-$AB$1))*(AD$1-$AB$1)+$AB8 -> 0.3607284 | AE8: =(($AG8-$AB8)/($AG$1-$AB$1))*(AE$1-$AB$1)+$AB8 -> 0.3764576 | AF8: =(($AG8-$AB8)/($AG$1-$AB$1))*(AF$1-$AB$1)+$AB8 -> 0.3921868 | AG8: 0.407916 | AH8: =SUM(Tableau2[[#This Row],[2022]:[2050]]) -> 8.198145
A9: Wind | B9: PMSG | C9: Boron | D9: APS | E9: 0.158457 | F9: =(($H9-$E9)/($H$1-$E$1))*(F$1-$E$1)+$E9 -> 0.180978 | G9: =(($H9-$E9)/($H$1-$E$1))*(G$1-$E$1)+$E9 -> 0.203499 | H9: 0.22602 | I9: =(($M9-$H9)/($M$1-$H$1))*(I$1-$H$1)+$H9 -> 0.2627336 | J9: =(($M9-$H9)/($M$1-$H$1))*(J$1-$H$1)+$H9 -> 0.2994472 | K9: =(($M9-$H9)/($M$1-$H$1))*(K$1-$H$1)+$H9 -> 0.3361608 | L9: =(($M9-$H9)/($M$1-$H$1))*(L$1-$H$1)+$H9 -> 0.3728744 | M9: 0.409588 | N9: =(($R9-$M9)/($R$1-$M$1))*(N$1-$M$1)+$M9 -> 0.4227988 | O9: =(($R9-$M9)/($R$1-$M$1))*(O$1-$M$1)+$M9 -> 0.4360096 | P9: =(($R9-$M9)/($R$1-$M$1))*(P$1-$M$1)+$M9 -> 0.4492204 | Q9: =(($R9-$M9)/($R$1-$M$1))*(Q$1-$M$1)+$M9 -> 0.4624312 | R9: 0.475642 | S9: =(($W9-$R9)/($W$1-$R$1))*(S$1-$R$1)+$R9 -> 0.479363 | T9: =(($W9-$R9)/($W$1-$R$1))*(T$1-$R$1)+$R9 -> 0.483084 | U9: =(($W9-$R9)/($W$1-$R$1))*(U$1-$R$1)+$R9 -> 0.486805 | V9: =(($W9-$R9)/($W$1-$R$1))*(V$1-$R$1)+$R9 -> 0.490526 | W9: 0.494247 | X9: =(($AB9-$W9)/($AB$1-$W$1))*(X$1-$W$1)+$W9 -> 0.5036634 | Y9: =(($AB9-$W9)/($AB$1-$W$1))*(Y$1-$W$1)+$W9 -> 0.5130798 | Z9: =(($AB9-$W9)/($AB$1-$W$1))*(Z$1-$W$1)+$W9 -> 0.5224962 | AA9: =(($AB9-$W9)/($AB$1-$W$1))*(AA$1-$W$1)+$W9 -> 0.5319126 | AB9: 0.541329 | AC9: =(($AG9-$AB9)/($AG$1-$AB$1))*(AC$1-$AB$1)+$AB9 -> 0.5616816 | AD9: =(($AG9-$AB9)/($AG$1-$AB$1))*(AD$1-$AB$1)+$AB9 -> 0.5820342 | AE9: =(($AG9-$AB9)/($AG$1-$AB$1))*(AE$1-$AB$1)+$AB9 -> 0.6023868 | AF9: =(($AG9-$AB9)/($AG$1-$AB$1))*(AF$1-$AB$1)+$AB9 -> 0.6227394 | AG9: 0.643092 | AH9: =SUM(Tableau2[[#This Row],[2022]:[2050]]) -> 12.7543
A10: Wind | B10: PMSG | C10: Boron | D10: NZE | E10: 0.158457 | F10: =(($H10-$E10)/($H$1-$E$1))*(F$1-$E$1)+$E10 -> 0.19965233 | G10: =(($H10-$E10)/($H$1-$E$1))*(G$1-$E$1)+$E10 -> 0.24084767 | H10: 0.282043 | I10: =(($M10-$H10)/($M$1-$H$1))*(I$1-$H$1)+$H10 -> 0.3717512 | J10: =(($M10-$H10)/($M$1-$H$1))*(J$1-$H$1)+$H10 -> 0.4614594 | K10: =(($M10-$H10)/($M$1-$H$1))*(K$1-$H$1)+$H10 -> 0.5511676 | L10: =(($M10-$H10)/($M$1-$H$1))*(L$1-$H$1)+$H10 -> 0.6408758 | M10: 0.730584 | N10: =(($R10-$M10)/($R$1-$M$1))*(N$1-$M$1)+$M10 -> 0.7300572 | O10: =(($R10-$M10)/($R$1-$M$1))*(O$1-$M$1)+$M10 -> 0.7295304 | P10: =(($R10-$M10)/($R$1-$M$1))*(P$1-$M$1)+$M10 -> 0.7290036 | Q10: =(($R10-$M10)/($R$1-$M$1))*(Q$1-$M$1)+$M10 -> 0.7284768 | R10: 0.72795 | S10: =(($W10-$R10)/($W$1-$R$1))*(S$1-$R$1)+$R10 -> 0.7205764 | T10: =(($W10-$R10)/($W$1-$R$1))*(T$1-$R$1)+$R10 -> 0.7132028 | U10: =(($W10-$R10)/($W$1-$R$1))*(U$1-$R$1)+$R10 -> 0.7058292 | V10: =(($W10-$R10)/($W$1-$R$1))*(V$1-$R$1)+$R10 -> 0.6984556 | W10: 0.691082 | X10: =(($AB10-$W10)/($AB$1-$W$1))*(X$1-$W$1)+$W10 -> 0.6473418 | Y10: =(($AB10-$W10)/($AB$1-$W$1))*(Y$1-$W$1)+$W10 -> 0.6036016 | Z10: =(($AB10-$W10)/($AB$1-$W$1))*(Z$1-$W$1)+$W10 -> 0.5598614 | AA10: =(($AB10-$W10)/($AB$1-$W$1))*(AA$1-$W$1)+$W10 -> 0.5161212 | AB10: 0.472381 | AC10: =(($AG10-$AB10)/($AG$1-$AB$1))*(AC$1-$AB$1)+$AB10 -> 0.5270274 | AD10: =(($AG10-$AB10)/($AG$1-$AB$1))*(AD$1-$AB$1)+$AB10 -> 0.5816738 | AE10: =(($AG10-$AB10)/($AG$1-$AB$1))*(AE$1-$AB$1)+$AB10 -> 0.6363202 | AF10: =(($AG10-$AB10)/($AG$1-$AB$1))*(AF$1-$AB$1)+$AB10 -> 0.6909666 | AG10: 0.745613 | AH10: =SUM(Tableau2[[#This Row],[2022]:[2050]]) -> 16.79191
A11: Solar PV | B11: CdTe | C11: Cadmium | D11: SPS | E11: 0.406292 | F11: =(($H11-$E11)/($H$1-$E$1))*(F$1-$E$1)+$E11 -> 0.40829833 | G11: =(($H11-$E11)/($H$1-$E$1))*(G$1-$E$1)+$E11 -> 0.41030467 | H11: 0.412311 | I11: =(($M11-$H11)/($M$1-$H$1))*(I$1-$H$1)+$H11 -> 0.4040802 | J11: =(($M11-$H11)/($M$1-$H$1))*(J$1-$H$1)+$H11 -> 0.3958494 | K11: =(($M11-$H11)/($M$1-$H$1))*(K$1-$H$1)+$H11 -> 0.3876186 | L11: =(($M11-$H11)/($M$1-$H$1))*(L$1-$H$1)+$H11 -> 0.3793878 | M11: 0.371157 | N11: =(($R11-$M11)/($R$1-$M$1))*(N$1-$M$1)+$M11 -> 0.3726554 | O11: =(($R11-$M11)/($R$1-$M$1))*(O$1-$M$1)+$M11 -> 0.3741538 | P11: =(($R11-$M11)/($R$1-$M$1))*(P$1-$M$1)+$M11 -> 0.3756522 | Q11: =(($R11-$M11)/($R$1-$M$1))*(Q$1-$M$1)+$M11 -> 0.3771506 | R11: 0.378649 | S11: =(($W11-$R11)/($W$1-$R$1))*(S$1-$R$1)+$R11 -> 0.3829292 | T11: =(($W11-$R11)/($W$1-$R$1))*(T$1-$R$1)+$R11 -> 0.3872094 | U11: =(($W11-$R11)/($W$1-$R$1))*(U$1-$R$1)+$R11 -> 0.3914896 | V11: =(($W11-$R11)/($W$1-$R$1))*(V$1-$R$1)+$R11 -> 0.3957698 | W11: 0.40005 | X11: =(($AB11-$W11)/($AB$1-$W$1))*(X$1-$W$1)+$W11 -> 0.4095288 | Y11: =(($AB11-$W11)/($AB$1-$W$1))*(Y$1-$W$1)+$W11 -> 0.4190076 | Z11: =(($AB11-$W11)/($AB$1-$W$1))*(Z$1-$W$1)+$W11 -> 0.4284864 | AA11: =(($AB11-$W11)/($AB$1-$W$1))*(AA$1-$W$1)+$W11 -> 0.4379652 | AB11: 0.447444 | AC11: =(($AG11-$AB11)/($AG$1-$AB$1))*(AC$1-$AB$1)+$AB11 -> 0.4559458 | AD11: =(($AG11-$AB11)/($AG$1-$AB$1))*(AD$1-$AB$1)+$AB11 -> 0.4644476 | AE11: =(($AG11-$AB11)/($AG$1-$AB$1))*(AE$1-$AB$1)+$AB11 -> 0.4729494 | AF11: =(($AG11-$AB11)/($AG$1-$AB$1))*(AF$1-$AB$1)+$AB11 -> 0.4814512 | AG11: 0.489953 | AH11: =SUM(Tableau2[[#This Row],[2022]:[2050]]) -> 11.918187
A12: Solar PV | B12: CdTe | C12: Cadmium | D12: APS | E12: 0.406292 | F12: =(($H12-$E12)/($H$1-$E$1))*(F$1-$E$1)+$E12 -> 0.43390633 | G12: =(($H12-$E12)/($H$1-$E$1))*(G$1-$E$1)+$E12 -> 0.46152067 | H12: 0.489135 | I12: =(($M12-$H12)/($M$1-$H$1))*(I$1-$H$1)+$H12 -> 0.4878322 | J12: =(($M12-$H12)/($M$1-$H$1))*(J$1-$H$1)+$H12 -> 0.4865294 | K12: =(($M12-$H12)/($M$1-$H$1))*(K$1-$H$1)+$H12 -> 0.4852266 | L12: =(($M12-$H12)/($M$1-$H$1))*(L$1-$H$1)+$H12 -> 0.4839238 | M12: 0.482621 | N12: =(($R12-$M12)/($R$1-$M$1))*(N$1-$M$1)+$M12 -> 0.4956736 | O12: =(($R12-$M12)/($R$1-$M$1))*(O$1-$M$1)+$M12 -> 0.5087262 | P12: =(($R12-$M12)/($R$1-$M$1))*(P$1-$M$1)+$M12 -> 0.5217788 | Q12: =(($R12-$M12)/($R$1-$M$1))*(Q$1-$M$1)+$M12 -> 0.5348314 | R12: 0.547884 | S12: =(($W12-$R12)/($W$1-$R$1))*(S$1-$R$1)+$R12 -> 0.546293 | T12: =(($W12-$R12)/($W$1-$R$1))*(T$1-$R$1)+$R12 -> 0.544702 | U12: =(($W12-$R12)/($W$1-$R$1))*(U$1-$R$1)+$R12 -> 0.543111 | V12: =(($W12-$R12)/($W$1-$R$1))*(V$1-$R$1)+$R12 -> 0.54152 | W12: 0.539929 | X12: =(($AB12-$W12)/($AB$1-$W$1))*(X$1-$W$1)+$W12 -> 0.5474646 | Y12: =(($AB12-$W12)/($AB$1-$W$1))*(Y$1-$W$1)+$W12 -> 0.5550002 | Z12: =(($AB12-$W12)/($AB$1-$W$1))*(Z$1-$W$1)+$W12 -> 0.5625358 | AA12: =(($AB12-$W12)/($AB$1-$W$1))*(AA$1-$W$1)+$W12 -> 0.5700714 | AB12: 0.577607 | AC12: =(($AG12-$AB12)/($AG$1-$AB$1))*(AC$1-$AB$1)+$AB12 -> 0.576473 | AD12: =(($AG12-$AB12)/($AG$1-$AB$1))*(AD$1-$AB$1)+$AB12 -> 0.575339 | AE12: =(($AG12-$AB12)/($AG$1-$AB$1))*(AE$1-$AB$1)+$AB12 -> 0.574205 | AF12: =(($AG12-$AB12)/($AG$1-$AB$1))*(AF$1-$AB$1)+$AB12 -> 0.573071 | AG12: 0.571937 | AH12: =SUM(Tableau2[[#This Row],[2022]:[2050]]) -> 15.22514
A13: Solar PV | B13: CdTe | C13: Cadmium | D13: NZE | E13: 0.406292 | F13: =(($H13-$E13)/($H$1-$E$1))*(F$1-$E$1)+$E13 -> 0.52415567 | G13: =(($H13-$E13)/($H$1-$E$1))*(G$1-$E$1)+$E13 -> 0.64201933 | H13: 0.759883 | I13: =(($M13-$H13)/($M$1-$H$1))*(I$1-$H$1)+$H13 -> 0.8462964 | J13: =(($M13-$H13)/($M$1-$H$1))*(J$1-$H$1)+$H13 -> 0.9327098 | K13: =(($M13-$H13)/($M$1-$H$1))*(K$1-$H$1)+$H13 -> 1.0191232 | L13: =(($M13-$H13)/($M$1-$H$1))*(L$1-$H$1)+$H13 -> 1.1055366 | M13: 1.19195 | N13: =(($R13-$M13)/($R$1-$M$1))*(N$1-$M$1)+$M13 -> 1.173794 | O13: =(($R13-$M13)/($R$1-$M$1))*(O$1-$M$1)+$M13 -> 1.155638 | P13: =(($R13-$M13)/($R$1-$M$1))*(P$1-$M$1)+$M13 -> 1.137482 | Q13: =(($R13-$M13)/($R$1-$M$1))*(Q$1-$M$1)+$M13 -> 1.119326 | R13: 1.10117 | S13: =(($W13-$R13)/($W$1-$R$1))*(S$1-$R$1)+$R13 -> 1.067321 | T13: =(($W13-$R13)/($W$1-$R$1))*(T$1-$R$1)+$R13 -> 1.033472 | U13: =(($W13-$R13)/($W$1-$R$1))*(U$1-$R$1)+$R13 -> 0.999623 | V13: =(($W13-$R13)/($W$1-$R$1))*(V$1-$R$1)+$R13 -> 0.965774 | W13: 0.931925 | X13: =(($AB13-$W13)/($AB$1-$W$1))*(X$1-$W$1)+$W13 -> 0.861181 | Y13: =(($AB13-$W13)/($AB$1-$W$1))*(Y$1-$W$1)+$W13 -> 0.790437 | Z13: =(($AB13-$W13)/($AB$1-$W$1))*(Z$1-$W$1)+$W13 -> 0.719693 | AA13: =(($AB13-$W13)/($AB$1-$W$1))*(AA$1-$W$1)+$W13 -> 0.648949 | AB13: 0.578205 | AC13: =(($AG13-$AB13)/($AG$1-$AB$1))*(AC$1-$AB$1)+$AB13 -> 0.5448936 | AD13: =(($AG13-$AB13)/($AG$1-$AB$1))*(AD$1-$AB$1)+$AB13 -> 0.5115822 | AE13: =(($AG13-$AB13)/($AG$1-$AB$1))*(AE$1-$AB$1)+$AB13 -> 0.4782708 | AF13: =(($AG13-$AB13)/($AG$1-$AB$1))*(AF$1-$AB$1)+$AB13 -> 0.4449594 | AG13: 0.411648 | AH13: =SUM(Tableau2[[#This Row],[2022]:[2050]]) -> 24.10331
... A25: Battery Storage | B25: Battery | C25: Cobalt | D25: NZE | E25: 3.58853 | F25: =(($H25-$E25)/($H$1-$E$1))*(F$1-$E$1)+$E25 -> 4.4689033 | G25: =(($H25-$E25)/($H$1-$E$1))*(G$1-$E$1)+$E25 -> 5.3492767 | H25: 6.22965 | I25: =(($M25-$H25)/($M$1-$H$1))*(I$1-$H$1)+$H25 -> 8.38794 | J25: =(($M25-$H25)/($M$1-$H$1))*(J$1-$H$1)+$H25 -> 10.54623 | K25: =(($M25-$H25)/($M$1-$H$1))*(K$1-$H$1)+$H25 -> 12.70452 | L25: =(($M25-$H25)/($M$1-$H$1))*(L$1-$H$1)+$H25 -> 14.86281 | M25: 17.0211 | N25: =(($R25-$M25)/($R$1-$M$1))*(N$1-$M$1)+$M25 -> 17.16094 | O25: =(($R25-$M25)/($R$1-$M$1))*(O$1-$M$1)+$M25 -> 17.30078 | P25: =(($R25-$M25)/($R$1-$M$1))*(P$1-$M$1)+$M25 -> 17.44062 | Q25: =(($R25-$M25)/($R$1-$M$1))*(Q$1-$M$1)+$M25 -> 17.58046 | R25: 17.7203 | S25: =(($W25-$R25)/($W$1-$R$1))*(S$1-$R$1)+$R25 -> 17.06376 | T25: =(($W25-$R25)/($W$1-$R$1))*(T$1-$R$1)+$R25 -> 16.40722 | U25: =(($W25-$R25)/($W$1-$R$1))*(U$1-$R$1)+$R25 -> 15.75068 | V25: =(($W25-$R25)/($W$1-$R$1))*(V$1-$R$1)+$R25 -> 15.09414 | W25: 14.4376 | X25: =(($AB25-$W25)/($AB$1-$W$1))*(X$1-$W$1)+$W25 -> 12.940244 | Y25: =(($AB25-$W25)/($AB$1-$W$1))*(Y$1-$W$1)+$W25 -> 11.442888 | Z25: =(($AB25-$W25)/($AB$1-$W$1))*(Z$1-$W$1)+$W25 -> 9.945532 | AA25: =(($AB25-$W25)/($AB$1-$W$1))*(AA$1-$W$1)+$W25 -> 8.448176 | AB25: 6.95082 | AC25: =(($AG25-$AB25)/($AG$1-$AB$1))*(AC$1-$AB$1)+$AB25 -> 5.560656 | AD25: =(($AG25-$AB25)/($AG$1-$AB$1))*(AD$1-$AB$1)+$AB25 -> 4.170492 | AE25: =(($AG25-$AB25)/($AG$1-$AB$1))*(AE$1-$AB$1)+$AB25 -> 2.780328 | AF25: =(($AG25-$AB25)/($AG$1-$AB$1))*(AF$1-$AB$1)+$AB25 -> 1.390164 | AG25: 0 | AH25: =SUM(Tableau2[[#This Row],[2022]:[2050]]) -> 312.74476
A26: Hydrogen | C26: Cobalt | D26: SPS | E26: 0.0107346 | F26: =(($H26-$E26)/($H$1-$E$1))*(F$1-$E$1)+$E26 -> 0.010594967 | G26: =(($H26-$E26)/($H$1-$E$1))*(G$1-$E$1)+$E26 -> 0.010455333 | H26: 0.0103157 | I26: =(($M26-$H26)/($M$1-$H$1))*(I$1-$H$1)+$H26 -> 0.01103312 | J26: =(($M26-$H26)/($M$1-$H$1))*(J$1-$H$1)+$H26 -> 0.01175054 | K26: =(($M26-$H26)/($M$1-$H$1))*(K$1-$H$1)+$H26 -> 0.01246796 | L26: =(($M26-$H26)/($M$1-$H$1))*(L$1-$H$1)+$H26 -> 0.01318538 | M26: 0.0139028 | N26: =(($R26-$M26)/($R$1-$M$1))*(N$1-$M$1)+$M26 -> 0.012595864 | O26: =(($R26-$M26)/($R$1-$M$1))*(O$1-$M$1)+$M26 -> 0.011288928 | P26: =(($R26-$M26)/($R$1-$M$1))*(P$1-$M$1)+$M26 -> 0.009981992 | Q26: =(($R26-$M26)/($R$1-$M$1))*(Q$1-$M$1)+$M26 -> 0.008675056 | R26: 0.00736812 | S26: =(($W26-$R26)/($W$1-$R$1))*(S$1-$R$1)+$R26 -> 0.006554462 | T26: =(($W26-$R26)/($W$1-$R$1))*(T$1-$R$1)+$R26 -> 0.005740804 | U26: =(($W26-$R26)/($W$1-$R$1))*(U$1-$R$1)+$R26 -> 0.004927146 | V26: =(($W26-$R26)/($W$1-$R$1))*(V$1-$R$1)+$R26 -> 0.004113488 | W26: 0.00329983 | X26: =(($AB26-$W26)/($AB$1-$W$1))*(X$1-$W$1)+$W26 -> 0.003352192 | Y26: =(($AB26-$W26)/($AB$1-$W$1))*(Y$1-$W$1)+$W26 -> 0.003404554 | Z26: =(($AB26-$W26)/($AB$1-$W$1))*(Z$1-$W$1)+$W26 -> 0.003456916 | AA26: =(($AB26-$W26)/($AB$1-$W$1))*(AA$1-$W$1)+$W26 -> 0.003509278 | AB26: 0.00356164 | AC26: =(($AG26-$AB26)/($AG$1-$AB$1))*(AC$1-$AB$1)+$AB26 -> 0.003840044 | AD26: =(($AG26-$AB26)/($AG$1-$AB$1))*(AD$1-$AB$1)+$AB26 -> 0.004118448 | AE26: =(($AG26-$AB26)/($AG$1-$AB$1))*(AE$1-$AB$1)+$AB26 -> 0.004396852 | AF26: =(($AG26-$AB26)/($AG$1-$AB$1))*(AF$1-$AB$1)+$AB26 -> 0.004675256 | AG26: 0.00495366 | AH26: =SUM(Tableau2[[#This Row],[2022]:[2050]]) -> 0.21825493
A27: Hydrogen | C27: Cobalt | D27: APS | E27: 0.0107346 | F27: =(($H27-$E27)/($H$1-$E$1))*(F$1-$E$1)+$E27 -> 0.034218033 | G27: =(($H27-$E27)/($H$1-$E$1))*(G$1-$E$1)+$E27 -> 0.057701467 | H27: 0.0811849 | I27: =(($M27-$H27)/($M$1-$H$1))*(I$1-$H$1)+$H27 -> 0.08851232 | J27: =(($M27-$H27)/($M$1-$H$1))*(J$1-$H$1)+$H27 -> 0.09583974 | K27: =(($M27-$H27)/($M$1-$H$1))*(K$1-$H$1)+$H27 -> 0.10316716 | L27: =(($M27-$H27)/($M$1-$H$1))*(L$1-$H$1)+$H27 -> 0.11049458 | M27: 0.117822 | N27: =(($R27-$M27)/($R$1-$M$1))*(N$1-$M$1)+$M27 -> 0.109362 | O27: =(($R27-$M27)/($R$1-$M$1))*(O$1-$M$1)+$M27 -> 0.100902 | P27: =(($R27-$M27)/($R$1-$M$1))*(P$1-$M$1)+$M27 -> 0.092442 | Q27: =(($R27-$M27)/($R$1-$M$1))*(Q$1-$M$1)+$M27 -> 0.083982 | R27: 0.075522 | S27: =(($W27-$R27)/($W$1-$R$1))*(S$1-$R$1)+$R27 -> 0.0685072 | T27: =(($W27-$R27)/($W$1-$R$1))*(T$1-$R$1)+$R27 -> 0.0614924 | U27: =(($W27-$R27)/($W$1-$R$1))*(U$1-$R$1)+$R27 -> 0.0544776 | V27: =(($W27-$R27)/($W$1-$R$1))*(V$1-$R$1)+$R27 -> 0.0474628 | W27: 0.040448 | X27: =(($AB27-$W27)/($AB$1-$W$1))*(X$1-$W$1)+$W27 -> 0.04058222 | Y27: =(($AB27-$W27)/($AB$1-$W$1))*(Y$1-$W$1)+$W27 -> 0.04071644 | Z27: =(($AB27-$W27)/($AB$1-$W$1))*(Z$1-$W$1)+$W27 -> 0.04085066 | AA27: =(($AB27-$W27)/($AB$1-$W$1))*(AA$1-$W$1)+$W27 -> 0.04098488 | AB27: 0.0411191 | AC27: =(($AG27-$AB27)/($AG$1-$AB$1))*(AC$1-$AB$1)+$AB27 -> 0.04359012 | AD27: =(($AG27-$AB27)/($AG$1-$AB$1))*(AD$1-$AB$1)+$AB27 -> 0.04606114 | AE27: =(($AG27-$AB27)/($AG$1-$AB$1))*(AE$1-$AB$1)+$AB27 -> 0.04853216 | AF27: =(($AG27-$AB27)/($AG$1-$AB$1))*(AF$1-$AB$1)+$AB27 -> 0.05100318 | AG27: 0.0534742 | AH27: =SUM(Tableau2[[#This Row],[2022]:[2050]]) -> 1.8811869
A28: Hydrogen | C28: Cobalt | D28: NZE | E28: 0.0107346 | F28: =(($H28-$E28)/($H$1-$E$1))*(F$1-$E$1)+$E28 -> 0.0575234 | G28: =(($H28-$E28)/($H$1-$E$1))*(G$1-$E$1)+$E28 -> 0.1043122 | H28: 0.151101 | I28: =(($M28-$H28)/($M$1-$H$1))*(I$1-$H$1)+$H28 -> 0.1812942 | J28: =(($M28-$H28)/($M$1-$H$1))*(J$1-$H$1)+$H28 -> 0.2114874 | K28: =(($M28-$H28)/($M$1-$H$1))*(K$1-$H$1)+$H28 -> 0.2416806 | L28: =(($M28-$H28)/($M$1-$H$1))*(L$1-$H$1)+$H28 -> 0.2718738 | M28: 0.302067 | N28: =(($R28-$M28)/($R$1-$M$1))*(N$1-$M$1)+$M28 -> 0.2828426 | O28: =(($R28-$M28)/($R$1-$M$1))*(O$1-$M$1)+$M28 -> 0.2636182 | P28: =(($R28-$M28)/($R$1-$M$1))*(P$1-$M$1)+$M28 -> 0.2443938 | Q28: =(($R28-$M28)/($R$1-$M$1))*(Q$1-$M$1)+$M28 -> 0.2251694 | R28: 0.205945 | S28: =(($W28-$R28)/($W$1-$R$1))*(S$1-$R$1)+$R28 -> 0.18091438 | T28: =(($W28-$R28)/($W$1-$R$1))*(T$1-$R$1)+$R28 -> 0.15588376 | U28: =(($W28-$R28)/($W$1-$R$1))*(U$1-$R$1)+$R28 -> 0.13085314 | V28: =(($W28-$R28)/($W$1-$R$1))*(V$1-$R$1)+$R28 -> 0.10582252 | W28: 0.0807919 | X28: =(($AB28-$W28)/($AB$1-$W$1))*(X$1-$W$1)+$W28 -> 0.07571734 | Y28: =(($AB28-$W28)/($AB$1-$W$1))*(Y$1-$W$1)+$W28 -> 0.07064278 | Z28: =(($AB28-$W28)/($AB$1-$W$1))*(Z$1-$W$1)+$W28 -> 0.06556822 | AA28: =(($AB28-$W28)/($AB$1-$W$1))*(AA$1-$W$1)+$W28 -> 0.06049366 | AB28: 0.0554191 | AC28: =(($AG28-$AB28)/($AG$1-$AB$1))*(AC$1-$AB$1)+$AB28 -> 0.05950908 | AD28: =(($AG28-$AB28)/($AG$1-$AB$1))*(AD$1-$AB$1)+$AB28 -> 0.06359906 | AE28: =(($AG28-$AB28)/($AG$1-$AB$1))*(AE$1-$AB$1)+$AB28 -> 0.06768904 | AF28: =(($AG28-$AB28)/($AG$1-$AB$1))*(AF$1-$AB$1)+$AB28 -> 0.07177902 | AG28: 0.075869 | AH28: =SUM(Tableau2[[#This Row],[2022]:[2050]]) -> 4.0745952
A29: Battery Storage | B29: Battery | C29: Copper | D29: SPS | E29: 20.4468 | F29: =(($H29-$E29)/($H$1-$E$1))*(F$1-$E$1)+$E29 -> 26.445767 | G29: =(($H29-$E29)/($H$1-$E$1))*(G$1-$E$1)+$E29 -> 32.444733 | H29: 38.4437 | I29: =(($M29-$H29)/($M$1-$H$1))*(I$1-$H$1)+$H29 -> 47.30054 | J29: =(($M29-$H29)/($M$1-$H$1))*(J$1-$H$1)+$H29 -> 56.15738 | K29: =(($M29-$H29)/($M$1-$H$1))*(K$1-$H$1)+$H29 -> 65.01422 | L29: =(($M29-$H29)/($M$1-$H$1))*(L$1-$H$1)+$H29 -> 73.87106 | M29: 82.7279 | N29: =(($R29-$M29)/($R$1-$M$1))*(N$1-$M$1)+$M29 -> 96.89972 | O29: =(($R29-$M29)/($R$1-$M$1))*(O$1-$M$1)+$M29 -> 111.07154 | P29: =(($R29-$M29)/($R$1-$M$1))*(P$1-$M$1)+$M29 -> 125.24336 | Q29: =(($R29-$M29)/($R$1-$M$1))*(Q$1-$M$1)+$M29 -> 139.41518 | R29: 153.587 | S29: =(($W29-$R29)/($W$1-$R$1))*(S$1-$R$1)+$R29 -> 167.9202 | T29: =(($W29-$R29)/($W$1-$R$1))*(T$1-$R$1)+$R29 -> 182.2534 | U29: =(($W29-$R29)/($W$1-$R$1))*(U$1-$R$1)+$R29 -> 196.5866 | V29: =(($W29-$R29)/($W$1-$R$1))*(V$1-$R$1)+$R29 -> 210.9198 | W29: 225.253 | X29: =(($AB29-$W29)/($AB$1-$W$1))*(X$1-$W$1)+$W29 -> 227.8992 | Y29: =(($AB29-$W29)/($AB$1-$W$1))*(Y$1-$W$1)+$W29 -> 230.5454 | Z29: =(($AB29-$W29)/($AB$1-$W$1))*(Z$1-$W$1)+$W29 -> 233.1916 | AA29: =(($AB29-$W29)/($AB$1-$W$1))*(AA$1-$W$1)+$W29 -> 235.8378 | AB29: 238.484 | AC29: =(($AG29-$AB29)/($AG$1-$AB$1))*(AC$1-$AB$1)+$AB29 -> 234.732 | AD29: =(($AG29-$AB29)/($AG$1-$AB$1))*(AD$1-$AB$1)+$AB29 -> 230.98 | AE29: =(($AG29-$AB29)/($AG$1-$AB$1))*(AE$1-$AB$1)+$AB29 -> 227.228 | AF29: =(($AG29-$AB29)/($AG$1-$AB$1))*(AF$1-$AB$1)+$AB29 -> 223.476 | AG29: 219.724 | AH29: =SUM(Tableau2[[#This Row],[2022]:[2050]]) -> 4354.0999
A30: Electricity Networks | B30: Wire | C30: Copper | D30: NZE | E30: 4181.61 | F30: =(($H30-$E30)/($H$1-$E$1))*(F$1-$E$1)+$E30 -> 4462.4933 | G30: =(($H30-$E30)/($H$1-$E$1))*(G$1-$E$1)+$E30 -> 4743.3767 | H30: 5024.26 | I30: =(($M30-$H30)/($M$1-$H$1))*(I$1-$H$1)+$H30 -> 5804.128 | J30: =(($M30-$H30)/($M$1-$H$1))*(J$1-$H$1)+$H30 -> 6583.996 | K30: =(($M30-$H30)/($M$1-$H$1))*(K$1-$H$1)+$H30 -> 7363.864 | L30: =(($M30-$H30)/($M$1-$H$1))*(L$1-$H$1)+$H30 -> 8143.732 | M30: 8923.6 | N30: =(($R30-$M30)/($R$1-$M$1))*(N$1-$M$1)+$M30 -> 9427.78 | O30: =(($R30-$M30)/($R$1-$M$1))*(O$1-$M$1)+$M30 -> 9931.96 | P30: =(($R30-$M30)/($R$1-$M$1))*(P$1-$M$1)+$M30 -> 10436.14 | Q30: =(($R30-$M30)/($R$1-$M$1))*(Q$1-$M$1)+$M30 -> 10940.32 | R30: 11444.5 | S30: =(($W30-$R30)/($W$1-$R$1))*(S$1-$R$1)+$R30 -> 11670.48 | T30: =(($W30-$R30)/($W$1-$R$1))*(T$1-$R$1)+$R30 -> 11896.46 | U30: =(($W30-$R30)/($W$1-$R$1))*(U$1-$R$1)+$R30 -> 12122.44 | V30: =(($W30-$R30)/($W$1-$R$1))*(V$1-$R$1)+$R30 -> 12348.42 | W30: 12574.4 | X30: =(($AB30-$W30)/($AB$1-$W$1))*(X$1-$W$1)+$W30 -> 12410.9 | Y30: =(($AB30-$W30)/($AB$1-$W$1))*(Y$1-$W$1)+$W30 -> 12247.4 | Z30: =(($AB30-$W30)/($AB$1-$W$1))*(Z$1-$W$1)+$W30 -> 12083.9 | AA30: =(($AB30-$W30)/($AB$1-$W$1))*(AA$1-$W$1)+$W30 -> 11920.4 | AB30: 11756.9 | AC30: =(($AG30-$AB30)/($AG$1-$AB$1))*(AC$1-$AB$1)+$AB30 -> 11361.088 | AD30: =(($AG30-$AB30)/($AG$1-$AB$1))*(AD$1-$AB$1)+$AB30 -> 10965.276 | AE30: =(($AG30-$AB30)/($AG$1-$AB$1))*(AE$1-$AB$1)+$AB30 -> 10569.464 | AF30: =(($AG30-$AB30)/($AG$1-$AB$1))*(AF$1-$AB$1)+$AB30 -> 10173.652 | AG30: 9777.84 | AH30: =SUM(Tableau2[[#This Row],[2022]:[2050]]) -> 281290.78
A31: Battery Storage | B31: Battery | C31: Copper | D31: APS | E31: 20.4468 | F31: =(($H31-$E31)/($H$1-$E$1))*(F$1-$E$1)+$E31 -> 31.0172 | G31: =(($H31-$E31)/($H$1-$E$1))*(G$1-$E$1)+$E31 -> 41.5876 | H31: 52.158 | I31: =(($M31-$H31)/($M$1-$H$1))*(I$1-$H$1)+$H31 -> 67.639 | J31: =(($M31-$H31)/($M$1-$H$1))*(J$1-$H$1)+$H31 -> 83.12 | K31: =(($M31-$H31)/($M$1-$H$1))*(K$1-$H$1)+$H31 -> 98.601 | L31: =(($M31-$H31)/($M$1-$H$1))*(L$1-$H$1)+$H31 -> 114.082 | M31: 129.563 | N31: =(($R31-$M31)/($R$1-$M$1))*(N$1-$M$1)+$M31 -> 149.7174 | O31: =(($R31-$M31)/($R$1-$M$1))*(O$1-$M$1)+$M31 -> 169.8718 | P31: =(($R31-$M31)/($R$1-$M$1))*(P$1-$M$1)+$M31 -> 190.0262 | Q31: =(($R31-$M31)/($R$1-$M$1))*(Q$1-$M$1)+$M31 -> 210.1806 | R31: 230.335 | S31: =(($W31-$R31)/($W$1-$R$1))*(S$1-$R$1)+$R31 -> 259.3982 | T31: =(($W31-$R31)/($W$1-$R$1))*(T$1-$R$1)+$R31 -> 288.4614 | U31: =(($W31-$R31)/($W$1-$R$1))*(U$1-$R$1)+$R31 -> 317.5246 | V31: =(($W31-$R31)/($W$1-$R$1))*(V$1-$R$1)+$R31 -> 346.5878 | W31: 375.651 | X31: =(($AB31-$W31)/($AB$1-$W$1))*(X$1-$W$1)+$W31 -> 383.0396 | Y31: =(($AB31-$W31)/($AB$1-$W$1))*(Y$1-$W$1)+$W31 -> 390.4282 | Z31: =(($AB31-$W31)/($AB$1-$W$1))*(Z$1-$W$1)+$W31 -> 397.8168 | AA31: =(($AB31-$W31)/($AB$1-$W$1))*(AA$1-$W$1)+$W31 -> 405.2054 | AB31: 412.594 | AC31: =(($AG31-$AB31)/($AG$1-$AB$1))*(AC$1-$AB$1)+$AB31 -> 418.8362 | AD31: =(($AG31-$AB31)/($AG$1-$AB$1))*(AD$1-$AB$1)+$AB31 -> 425.0784 | AE31: =(($AG31-$AB31)/($AG$1-$AB$1))*(AE$1-$AB$1)+$AB31 -> 431.3206 | AF31: =(($AG31-$AB31)/($AG$1-$AB$1))*(AF$1-$AB$1)+$AB31 -> 437.5628 | AG31: 443.805 | AH31: =SUM(Tableau2[[#This Row],[2022]:[2050]]) -> 7321.6556
A32: Electricity Networks | B32: Wire | C32: Copper | D32: APS | E32: 4181.61 | F32: =(($H32-$E32)/($H$1-$E$1))*(F$1-$E$1)+$E32 -> 4436.1633 | G32: =(($H32-$E32)/($H$1-$E$1))*(G$1-$E$1)+$E32 -> 4690.7167 | H32: 4945.27 | I32: =(($M32-$H32)/($M$1-$H$1))*(I$1-$H$1)+$H32 -> 5444.208 | J32: =(($M32-$H32)/($M$1-$H$1))*(J$1-$H$1)+$H32 -> 5943.146 | K32: =(($M32-$H32)/($M$1-$H$1))*(K$1-$H$1)+$H32 -> 6442.084 | L32: =(($M32-$H32)/($M$1-$H$1))*(L$1-$H$1)+$H32 -> 6941.022 | M32: 7439.96 | N32: =(($R32-$M32)/($R$1-$M$1))*(N$1-$M$1)+$M32 -> 7630.848 | O32: =(($R32-$M32)/($R$1-$M$1))*(O$1-$M$1)+$M32 -> 7821.736 | P32: =(($R32-$M32)/($R$1-$M$1))*(P$1-$M$1)+$M32 -> 8012.624 | Q32: =(($R32-$M32)/($R$1-$M$1))*(Q$1-$M$1)+$M32 -> 8203.512 | R32: 8394.4 | S32: =(($W32-$R32)/($W$1-$R$1))*(S$1-$R$1)+$R32 -> 8527.268 | T32: =(($W32-$R32)/($W$1-$R$1))*(T$1-$R$1)+$R32 -> 8660.136 | U32: =(($W32-$R32)/($W$1-$R$1))*(U$1-$R$1)+$R32 -> 8793.004 | V32: =(($W32-$R32)/($W$1-$R$1))*(V$1-$R$1)+$R32 -> 8925.872 | W32: 9058.74 | X32: =(($AB32-$W32)/($AB$1-$W$1))*(X$1-$W$1)+$W32 -> 9140.152 | Y32: =(($AB32-$W32)/($AB$1-$W$1))*(Y$1-$W$1)+$W32 -> 9221.564 | Z32: =(($AB32-$W32)/($AB$1-$W$1))*(Z$1-$W$1)+$W32 -> 9302.976 | AA32: =(($AB32-$W32)/($AB$1-$W$1))*(AA$1-$W$1)+$W32 -> 9384.388 | AB32: 9465.8 | AC32: =(($AG32-$AB32)/($AG$1-$AB$1))*(AC$1-$AB$1)+$AB32 -> 9350.108 | AD32: =(($AG32-$AB32)/($AG$1-$AB$1))*(AD$1-$AB$1)+$AB32 -> 9234.416 | AE32: =(($AG32-$AB32)/($AG$1-$AB$1))*(AE$1-$AB$1)+$AB32 -> 9118.724 | AF32: =(($AG32-$AB32)/($AG$1-$AB$1))*(AF$1-$AB$1)+$AB32 -> 9003.032 | AG32: 8887.34 | AH32: =SUM(Tableau2[[#This Row],[2022]:[2050]]) -> 226600.82
A33: Electricity Networks | B33: Wire | C33: Copper | D33: SPS | E33: 4181.61 | F33: =(($H33-$E33)/($H$1-$E$1))*(F$1-$E$1)+$E33 -> 4314.0433 | G33: =(($H33-$E33)/($H$1-$E$1))*(G$1-$E$1)+$E33 -> 4446.4767 | H33: 4578.91 | I33: =(($M33-$H33)/($M$1-$H$1))*(I$1-$H$1)+$H33 -> 4965.178 | J33: =(($M33-$H33)/($M$1-$H$1))*(J$1-$H$1)+$H33 -> 5351.446 | K33: =(($M33-$H33)/($M$1-$H$1))*(K$1-$H$1)+$H33 -> 5737.714 | L33: =(($M33-$H33)/($M$1-$H$1))*(L$1-$H$1)+$H33 -> 6123.982 | M33: 6510.25 | N33: =(($R33-$M33)/($R$1-$M$1))*(N$1-$M$1)+$M33 -> 6510.366 | O33: =(($R33-$M33)/($R$1-$M$1))*(O$1-$M$1)+$M33 -> 6510.482 | P33: =(($R33-$M33)/($R$1-$M$1))*(P$1-$M$1)+$M33 -> 6510.598 | Q33: =(($R33-$M33)/($R$1-$M$1))*(Q$1-$M$1)+$M33 -> 6510.714 | R33: 6510.83 | S33: =(($W33-$R33)/($W$1-$R$1))*(S$1-$R$1)+$R33 -> 6525.144 | T33: =(($W33-$R33)/($W$1-$R$1))*(T$1-$R$1)+$R33 -> 6539.458 | U33: =(($W33-$R33)/($W$1-$R$1))*(U$1-$R$1)+$R33 -> 6553.772 | V33: =(($W33-$R33)/($W$1-$R$1))*(V$1-$R$1)+$R33 -> 6568.086 | W33: 6582.4 | X33: =(($AB33-$W33)/($AB$1-$W$1))*(X$1-$W$1)+$W33 -> 6688.606 | Y33: =(($AB33-$W33)/($AB$1-$W$1))*(Y$1-$W$1)+$W33 -> 6794.812 | Z33: =(($AB33-$W33)/($AB$1-$W$1))*(Z$1-$W$1)+$W33 -> 6901.018 | AA33: =(($AB33-$W33)/($AB$1-$W$1))*(AA$1-$W$1)+$W33 -> 7007.224 | AB33: 7113.43 | AC33: =(($AG33-$AB33)/($AG$1-$AB$1))*(AC$1-$AB$1)+$AB33 -> 7087.208 | AD33: =(($AG33-$AB33)/($AG$1-$AB$1))*(AD$1-$AB$1)+$AB33 -> 7060.986 | AE33: =(($AG33-$AB33)/($AG$1-$AB$1))*(AE$1-$AB$1)+$AB33 -> 7034.764 | AF33: =(($AG33-$AB33)/($AG$1-$AB$1))*(AF$1-$AB$1)+$AB33 -> 7008.542 | AG33: 6982.32 | AH33: =SUM(Tableau2[[#This Row],[2022]:[2050]]) -> 181210.37
A34: Solar PV | C34: Copper | D34: NZE | E34: 681.645 | F34: =(($H34-$E34)/($H$1-$E$1))*(F$1-$E$1)+$E34 -> 874.01667 | G34: =(($H34-$E34)/($H$1-$E$1))*(G$1-$E$1)+$E34 -> 1066.3883 | H34: 1258.76 | I34: =(($M34-$H34)/($M$1-$H$1))*(I$1-$H$1)+$H34 -> 1405.068 | J34: =(($M34-$H34)/($M$1-$H$1))*(J$1-$H$1)+$H34 -> 1551.376 | K34: =(($M34-$H34)/($M$1-$H$1))*(K$1-$H$1)+$H34 -> 1697.684 | L34: =(($M34-$H34)/($M$1-$H$1))*(L$1-$H$1)+$H34 -> 1843.992 | M34: 1990.3 | N34: =(($R34-$M34)/($R$1-$M$1))*(N$1-$M$1)+$M34 -> 2004.74 | O34: =(($R34-$M34)/($R$1-$M$1))*(O$1-$M$1)+$M34 -> 2019.18 | P34: =(($R34-$M34)/($R$1-$M$1))*(P$1-$M$1)+$M34 -> 2033.62 | Q34: =(($R34-$M34)/($R$1-$M$1))*(Q$1-$M$1)+$M34 -> 2048.06 | R34: 2062.5 | S34: =(($W34-$R34)/($W$1-$R$1))*(S$1-$R$1)+$R34 -> 2055.27 | T34: =(($W34-$R34)/($W$1-$R$1))*(T$1-$R$1)+$R34 -> 2048.04 | U34: =(($W34-$R34)/($W$1-$R$1))*(U$1-$R$1)+$R34 -> 2040.81 | V34: =(($W34-$R34)/($W$1-$R$1))*(V$1-$R$1)+$R34 -> 2033.58 | W34: 2026.35 | X34: =(($AB34-$W34)/($AB$1-$W$1))*(X$1-$W$1)+$W34 -> 1955.82 | Y34: =(($AB34-$W34)/($AB$1-$W$1))*(Y$1-$W$1)+$W34 -> 1885.29 | Z34: =(($AB34-$W34)/($AB$1-$W$1))*(Z$1-$W$1)+$W34 -> 1814.76 | AA34: =(($AB34-$W34)/($AB$1-$W$1))*(AA$1-$W$1)+$W34 -> 1744.23 | AB34: 1673.7 | AC34: =(($AG34-$AB34)/($AG$1-$AB$1))*(AC$1-$AB$1)+$AB34 -> 1714.916 | AD34: =(($AG34-$AB34)/($AG$1-$AB$1))*(AD$1-$AB$1)+$AB34 -> 1756.132 | AE34: =(($AG34-$AB34)/($AG$1-$AB$1))*(AE$1-$AB$1)+$AB34 -> 1797.348 | AF34: =(($AG34-$AB34)/($AG$1-$AB$1))*(AF$1-$AB$1)+$AB34 -> 1838.564 | AG34: 1879.78 | AH34: =SUM(Tableau2[[#This Row],[2022]:[2050]]) -> 50801.92
A35: EV | C35: Copper | D35: APS | E35: 373.331 | F35: =(($H35-$E35)/($H$1-$E$1))*(F$1-$E$1)+$E35 -> 478.44633 | G35: =(($H35-$E35)/($H$1-$E$1))*(G$1-$E$1)+$E35 -> 583.56167 | H35: 688.677 | I35: =(($M35-$H35)/($M$1-$H$1))*(I$1-$H$1)+$H35 -> 869.3276 | J35: =(($M35-$H35)/($M$1-$H$1))*(J$1-$H$1)+$H35 -> 1049.9782 | K35: =(($M35-$H35)/($M$1-$H$1))*(K$1-$H$1)+$H35 -> 1230.6288 | L35: =(($M35-$H35)/($M$1-$H$1))*(L$1-$H$1)+$H35 -> 1411.2794 | M35: 1591.93 | N35: =(($R35-$M35)/($R$1-$M$1))*(N$1-$M$1)+$M35 -> 1787.624 | O35: =(($R35-$M35)/($R$1-$M$1))*(O$1-$M$1)+$M35 -> 1983.318 | P35: =(($R35-$M35)/($R$1-$M$1))*(P$1-$M$1)+$M35 -> 2179.012 | Q35: =(($R35-$M35)/($R$1-$M$1))*(Q$1-$M$1)+$M35 -> 2374.706 | R35: 2570.4 | S35: =(($W35-$R35)/($W$1-$R$1))*(S$1-$R$1)+$R35 -> 2683.274 | T35: =(($W35-$R35)/($W$1-$R$1))*(T$1-$R$1)+$R35 -> 2796.148 | U35: =(($W35-$R35)/($W$1-$R$1))*(U$1-$R$1)+$R35 -> 2909.022 | V35: =(($W35-$R35)/($W$1-$R$1))*(V$1-$R$1)+$R35 -> 3021.896 | W35: 3134.77 | X35: =(($AB35-$W35)/($AB$1-$W$1))*(X$1-$W$1)+$W35 -> 3156.064 | Y35: =(($AB35-$W35)/($AB$1-$W$1))*(Y$1-$W$1)+$W35 -> 3177.358 | Z35: =(($AB35-$W35)/($AB$1-$W$1))*(Z$1-$W$1)+$W35 -> 3198.652 | AA35: =(($AB35-$W35)/($AB$1-$W$1))*(AA$1-$W$1)+$W35 -> 3219.946 | AB35: 3241.24 | AC35: =(($AG35-$AB35)/($AG$1-$AB$1))*(AC$1-$AB$1)+$AB35 -> 3254.358 | AD35: =(($AG35-$AB35)/($AG$1-$AB$1))*(AD$1-$AB$1)+$AB35 -> 3267.476 | AE35: =(($AG35-$AB35)/($AG$1-$AB$1))*(AE$1-$AB$1)+$AB35 -> 3280.594 | AF35: =(($AG35-$AB35)/($AG$1-$AB$1))*(AF$1-$AB$1)+$AB35 -> 3293.712 | AG35: 3306.83 | AH35: =SUM(Tableau2[[#This Row],[2022]:[2050]]) -> 66113.56
A36: EV | C36: Copper | D36: SPS | E36: 373.331 | F36: =(($H36-$E36)/($H$1-$E$1))*(F$1-$E$1)+$E36 -> 442.149 | G36: =(($H36-$E36)/($H$1-$E$1))*(G$1-$E$1)+$E36 -> 510.967 | H36: 579.785 | I36: =(($M36-$H36)/($M$1-$H$1))*(I$1-$H$1)+$H36 -> 672.656 | J36: =(($M36-$H36)/($M$1-$H$1))*(J$1-$H$1)+$H36 -> 765.527 | K36: =(($M36-$H36)/($M$1-$H$1))*(K$1-$H$1)+$H36 -> 858.398 | L36: =(($M36-$H36)/($M$1-$H$1))*(L$1-$H$1)+$H36 -> 951.269 | M36: 1044.14 | N36: =(($R36-$M36)/($R$1-$M$1))*(N$1-$M$1)+$M36 -> 1079.154 | O36: =(($R36-$M36)/($R$1-$M$1))*(O$1-$M$1)+$M36 -> 1114.168 | P36: =(($R36-$M36)/($R$1-$M$1))*(P$1-$M$1)+$M36 -> 1149.182 | Q36: =(($R36-$M36)/($R$1-$M$1))*(Q$1-$M$1)+$M36 -> 1184.196 | R36: 1219.21 | S36: =(($W36-$R36)/($W$1-$R$1))*(S$1-$R$1)+$R36 -> 1259.6 | T36: =(($W36-$R36)/($W$1-$R$1))*(T$1-$R$1)+$R36 -> 1299.99 | U36: =(($W36-$R36)/($W$1-$R$1))*(U$1-$R$1)+$R36 -> 1340.38 | V36: =(($W36-$R36)/($W$1-$R$1))*(V$1-$R$1)+$R36 -> 1380.77 | W36: 1421.16 | X36: =(($AB36-$W36)/($AB$1-$W$1))*(X$1-$W$1)+$W36 -> 1428.46 | Y36: =(($AB36-$W36)/($AB$1-$W$1))*(Y$1-$W$1)+$W36 -> 1435.76 | Z36: =(($AB36-$W36)/($AB$1-$W$1))*(Z$1-$W$1)+$W36 -> 1443.06 | AA36: =(($AB36-$W36)/($AB$1-$W$1))*(AA$1-$W$1)+$W36 -> 1450.36 | AB36: 1457.66 | AC36: =(($AG36-$AB36)/($AG$1-$AB$1))*(AC$1-$AB$1)+$AB36 -> 1435.302 | AD36: =(($AG36-$AB36)/($AG$1-$AB$1))*(AD$1-$AB$1)+$AB36 -> 1412.944 | AE36: =(($AG36-$AB36)/($AG$1-$AB$1))*(AE$1-$AB$1)+$AB36 -> 1390.586 | AF36: =(($AG36-$AB36)/($AG$1-$AB$1))*(AF$1-$AB$1)+$AB36 -> 1368.228 | AG36: 1345.87 | AH36: =SUM(Tableau2[[#This Row],[2022]:[2050]]) -> 32814.262
A37: Wind | C37: Copper | D37: NZE | E37: 393.792 | F37: =(($H37-$E37)/($H$1-$E$1))*(F$1-$E$1)+$E37 -> 497.49733 | G37: =(($H37-$E37)/($H$1-$E$1))*(G$1-$E$1)+$E37 -> 601.20267 | H37: 704.908 | I37: =(($M37-$H37)/($M$1-$H$1))*(I$1-$H$1)+$H37 -> 889.9344 | J37: =(($M37-$H37)/($M$1-$H$1))*(J$1-$H$1)+$H37 -> 1074.9608 | K37: =(($M37-$H37)/($M$1-$H$1))*(K$1-$H$1)+$H37 -> 1259.9872 | L37: =(($M37-$H37)/($M$1-$H$1))*(L$1-$H$1)+$H37 -> 1445.0136 | M37: 1630.04 | N37: =(($R37-$M37)/($R$1-$M$1))*(N$1-$M$1)+$M37 -> 1612.562 | O37: =(($R37-$M37)/($R$1-$M$1))*(O$1-$M$1)+$M37 -> 1595.084 | P37: =(($R37-$M37)/($R$1-$M$1))*(P$1-$M$1)+$M37 -> 1577.606 | Q37: =(($R37-$M37)/($R$1-$M$1))*(Q$1-$M$1)+$M37 -> 1560.128 | R37: 1542.65 | S37: =(($W37-$R37)/($W$1-$R$1))*(S$1-$R$1)+$R37 -> 1499.696 | T37: =(($W37-$R37)/($W$1-$R$1))*(T$1-$R$1)+$R37 -> 1456.742 | U37: =(($W37-$R37)/($W$1-$R$1))*(U$1-$R$1)+$R37 -> 1413.788 | V37: =(($W37-$R37)/($W$1-$R$1))*(V$1-$R$1)+$R37 -> 1370.834 | W37: 1327.88 | X37: =(($AB37-$W37)/($AB$1-$W$1))*(X$1-$W$1)+$W37 -> 1238.5884 | Y37: =(($AB37-$W37)/($AB$1-$W$1))*(Y$1-$W$1)+$W37 -> 1149.2968 | Z37: =(($AB37-$W37)/($AB$1-$W$1))*(Z$1-$W$1)+$W37 -> 1060.0052 | AA37: =(($AB37-$W37)/($AB$1-$W$1))*(AA$1-$W$1)+$W37 -> 970.7136 | AB37: 881.422 | AC37: =(($AG37-$AB37)/($AG$1-$AB$1))*(AC$1-$AB$1)+$AB37 -> 965.7876 | AD37: =(($AG37-$AB37)/($AG$1-$AB$1))*(AD$1-$AB$1)+$AB37 -> 1050.1532 | AE37: =(($AG37-$AB37)/($AG$1-$AB$1))*(AE$1-$AB$1)+$AB37 -> 1134.5188 | AF37: =(($AG37-$AB37)/($AG$1-$AB$1))*(AF$1-$AB$1)+$AB37 -> 1218.8844 | AG37: 1303.25 | AH37: =SUM(Tableau2[[#This Row],[2022]:[2050]]) -> 34426.926
A38: Hydrogen | C38: Copper | D38: SPS | E38: 0.00319687 | F38: =(($H38-$E38)/($H$1-$E$1))*(F$1-$E$1)+$E38 -> 0.00342483 | G38: =(($H38-$E38)/($H$1-$E$1))*(G$1-$E$1)+$E38 -> 0.00365279 | H38: 0.00388075 | I38: =(($M38-$H38)/($M$1-$H$1))*(I$1-$H$1)+$H38 -> 0.004456542 | J38: =(($M38-$H38)/($M$1-$H$1))*(J$1-$H$1)+$H38 -> 0.005032334 | K38: =(($M38-$H38)/($M$1-$H$1))*(K$1-$H$1)+$H38 -> 0.005608126 | L38: =(($M38-$H38)/($M$1-$H$1))*(L$1-$H$1)+$H38 -> 0.006183918 | M38: 0.00675971 | N38: =(($R38-$M38)/($R$1-$M$1))*(N$1-$M$1)+$M38 -> 0.00671412 | O38: =(($R38-$M38)/($R$1-$M$1))*(O$1-$M$1)+$M38 -> 0.00666853 | P38: =(($R38-$M38)/($R$1-$M$1))*(P$1-$M$1)+$M38 -> 0.00662294 | Q38: =(($R38-$M38)/($R$1-$M$1))*(Q$1-$M$1)+$M38 -> 0.00657735 | R38: 0.00653176 | S38: =(($W38-$R38)/($W$1-$R$1))*(S$1-$R$1)+$R38 -> 0.006623266 | T38: =(($W38-$R38)/($W$1-$R$1))*(T$1-$R$1)+$R38 -> 0.006714772 | U38: =(($W38-$R38)/($W$1-$R$1))*(U$1-$R$1)+$R38 -> 0.006806278 | V38: =(($W38-$R38)/($W$1-$R$1))*(V$1-$R$1)+$R38 -> 0.006897784 | W38: 0.00698929 | X38: =(($AB38-$W38)/($AB$1-$W$1))*(X$1-$W$1)+$W38 -> 0.007371254 | Y38: =(($AB38-$W38)/($AB$1-$W$1))*(Y$1-$W$1)+$W38 -> 0.007753218 | Z38: =(($AB38-$W38)/($AB$1-$W$1))*(Z$1-$W$1)+$W38 -> 0.008135182 | AA38: =(($AB38-$W38)/($AB$1-$W$1))*(AA$1-$W$1)+$W38 -> 0.008517146 | AB38: 0.00889911 | AC38: =(($AG38-$AB38)/($AG$1-$AB$1))*(AC$1-$AB$1)+$AB38 -> 0.010012468 | AD38: =(($AG38-$AB38)/($AG$1-$AB$1))*(AD$1-$AB$1)+$AB38 -> 0.011125826 | AE38: =(($AG38-$AB38)/($AG$1-$AB$1))*(AE$1-$AB$1)+$AB38 -> 0.012239184 | AF38: =(($AG38-$AB38)/($AG$1-$AB$1))*(AF$1-$AB$1)+$AB38 -> 0.013352542 | AG38: 0.0144659 | AH38: =SUM(Tableau2[[#This Row],[2022]:[2050]]) -> 0.21121379
A39: Hydrogen | C39: Copper | D39: APS | E39: 0.00319687 | F39: =(($H39-$E39)/($H$1-$E$1))*(F$1-$E$1)+$E39 -> 0.012311747 | G39: =(($H39-$E39)/($H$1-$E$1))*(G$1-$E$1)+$E39 -> 0.021426623 | H39: 0.0305415 | I39: =(($M39-$H39)/($M$1-$H$1))*(I$1-$H$1)+$H39 -> 0.0358905 | J39: =(($M39-$H39)/($M$1-$H$1))*(J$1-$H$1)+$H39 -> 0.0412395 | K39: =(($M39-$H39)/($M$1-$H$1))*(K$1-$H$1)+$H39 -> 0.0465885 | L39: =(($M39-$H39)/($M$1-$H$1))*(L$1-$H$1)+$H39 -> 0.0519375 | M39: 0.0572865 | N39: =(($R39-$M39)/($R$1-$M$1))*(N$1-$M$1)+$M39 -> 0.0592191 | O39: =(($R39-$M39)/($R$1-$M$1))*(O$1-$M$1)+$M39 -> 0.0611517 | P39: =(($R39-$M39)/($R$1-$M$1))*(P$1-$M$1)+$M39 -> 0.0630843 | Q39: =(($R39-$M39)/($R$1-$M$1))*(Q$1-$M$1)+$M39 -> 0.0650169 | R39: 0.0669495 | S39: =(($W39-$R39)/($W$1-$R$1))*(S$1-$R$1)+$R39 -> 0.07069398 | T39: =(($W39-$R39)/($W$1-$R$1))*(T$1-$R$1)+$R39 -> 0.07443846 | U39: =(($W39-$R39)/($W$1-$R$1))*(U$1-$R$1)+$R39 -> 0.07818294 | V39: =(($W39-$R39)/($W$1-$R$1))*(V$1-$R$1)+$R39 -> 0.08192742 | W39: 0.0856719 | X39: =(($AB39-$W39)/($AB$1-$W$1))*(X$1-$W$1)+$W39 -> 0.08908552 | Y39: =(($AB39-$W39)/($AB$1-$W$1))*(Y$1-$W$1)+$W39 -> 0.09249914 | Z39: =(($AB39-$W39)/($AB$1-$W$1))*(Z$1-$W$1)+$W39 -> 0.09591276 | AA39: =(($AB39-$W39)/($AB$1-$W$1))*(AA$1-$W$1)+$W39 -> 0.09932638 | AB39: 0.10274 | AC39: =(($AG39-$AB39)/($AG$1-$AB$1))*(AC$1-$AB$1)+$AB39 -> 0.1134234 | AD39: =(($AG39-$AB39)/($AG$1-$AB$1))*(AD$1-$AB$1)+$AB39 -> 0.1241068 | AE39: =(($AG39-$AB39)/($AG$1-$AB$1))*(AE$1-$AB$1)+$AB39 -> 0.1347902 | AF39: =(($AG39-$AB39)/($AG$1-$AB$1))*(AF$1-$AB$1)+$AB39 -> 0.1454736 | AG39: 0.156157 | AH39: =SUM(Tableau2[[#This Row],[2022]:[2050]]) -> 2.1602702
A40: EV | C40: Copper | D40: NZE | E40: 373.331 | F40: =(($H40-$E40)/($H$1-$E$1))*(F$1-$E$1)+$E40 -> 632.904 | G40: =(($H40-$E40)/($H$1-$E$1))*(G$1-$E$1)+$E40 -> 892.477 | H40: 1152.05 | I40: =(($M40-$H40)/($M$1-$H$1))*(I$1-$H$1)+$H40 -> 1462.422 | J40: =(($M40-$H40)/($M$1-$H$1))*(J$1-$H$1)+$H40 -> 1772.794 | K40: =(($M40-$H40)/($M$1-$H$1))*(K$1-$H$1)+$H40 -> 2083.166 | L40: =(($M40-$H40)/($M$1-$H$1))*(L$1-$H$1)+$H40 -> 2393.538 | M40: 2703.91 | N40: =(($R40-$M40)/($R$1-$M$1))*(N$1-$M$1)+$M40 -> 2923.022 | O40: =(($R40-$M40)/($R$1-$M$1))*(O$1-$M$1)+$M40 -> 3142.134 | P40: =(($R40-$M40)/($R$1-$M$1))*(P$1-$M$1)+$M40 -> 3361.246 | Q40: =(($R40-$M40)/($R$1-$M$1))*(Q$1-$M$1)+$M40 -> 3580.358 | R40: 3799.47 | S40: =(($W40-$R40)/($W$1-$R$1))*(S$1-$R$1)+$R40 -> 3816.3 | T40: =(($W40-$R40)/($W$1-$R$1))*(T$1-$R$1)+$R40 -> 3833.13 | U40: =(($W40-$R40)/($W$1-$R$1))*(U$1-$R$1)+$R40 -> 3849.96 | V40: =(($W40-$R40)/($W$1-$R$1))*(V$1-$R$1)+$R40 -> 3866.79 | W40: 3883.62 | X40: =(($AB40-$W40)/($AB$1-$W$1))*(X$1-$W$1)+$W40 -> 3886.368 | Y40: =(($AB40-$W40)/($AB$1-$W$1))*(Y$1-$W$1)+$W40 -> 3889.116 | Z40: =(($AB40-$W40)/($AB$1-$W$1))*(Z$1-$W$1)+$W40 -> 3891.864 | AA40: =(($AB40-$W40)/($AB$1-$W$1))*(AA$1-$W$1)+$W40 -> 3894.612 | AB40: 3897.36 | AC40: =(($AG40-$AB40)/($AG$1-$AB$1))*(AC$1-$AB$1)+$AB40 -> 3834.472 | AD40: =(($AG40-$AB40)/($AG$1-$AB$1))*(AD$1-$AB$1)+$AB40 -> 3771.584 | AE40: =(($AG40-$AB40)/($AG$1-$AB$1))*(AE$1-$AB$1)+$AB40 -> 3708.696 | AF40: =(($AG40-$AB40)/($AG$1-$AB$1))*(AF$1-$AB$1)+$AB40 -> 3645.808 | AG40: 3582.92 | AH40: =SUM(Tableau2[[#This Row],[2022]:[2050]]) -> 87525.422
A41: Solar PV | C41: Copper | D41: SPS | E41: 681.645 | F41: =(($H41-$E41)/($H$1-$E$1))*(F$1-$E$1)+$E41 -> 714.08133 | G41: =(($H41-$E41)/($H$1-$E$1))*(G$1-$E$1)+$E41 -> 746.51767 | H41: 778.954 | I41: =(($M41-$H41)/($M$1-$H$1))*(I$1-$H$1)+$H41 -> 804.6136 | J41: =(($M41-$H41)/($M$1-$H$1))*(J$1-$H$1)+$H41 -> 830.2732 | K41: =(($M41-$H41)/($M$1-$H$1))*(K$1-$H$1)+$H41 -> 855.9328 | L41: =(($M41-$H41)/($M$1-$H$1))*(L$1-$H$1)+$H41 -> 881.5924 | M41: 907.252 | N41: =(($R41-$M41)/($R$1-$M$1))*(N$1-$M$1)+$M41 -> 910.7616 | O41: =(($R41-$M41)/($R$1-$M$1))*(O$1-$M$1)+$M41 -> 914.2712 | P41: =(($R41-$M41)/($R$1-$M$1))*(P$1-$M$1)+$M41 -> 917.7808 | Q41: =(($R41-$M41)/($R$1-$M$1))*(Q$1-$M$1)+$M41 -> 921.2904 | R41: 924.8 | S41: =(($W41-$R41)/($W$1-$R$1))*(S$1-$R$1)+$R41 -> 931.5932 | T41: =(($W41-$R41)/($W$1-$R$1))*(T$1-$R$1)+$R41 -> 938.3864 | U41: =(($W41-$R41)/($W$1-$R$1))*(U$1-$R$1)+$R41 -> 945.1796 | V41: =(($W41-$R41)/($W$1-$R$1))*(V$1-$R$1)+$R41 -> 951.9728 | W41: 958.766 | X41: =(($AB41-$W41)/($AB$1-$W$1))*(X$1-$W$1)+$W41 -> 991.4248 | Y41: =(($AB41-$W41)/($AB$1-$W$1))*(Y$1-$W$1)+$W41 -> 1024.0836 | Z41: =(($AB41-$W41)/($AB$1-$W$1))*(Z$1-$W$1)+$W41 -> 1056.7424 | AA41: =(($AB41-$W41)/($AB$1-$W$1))*(AA$1-$W$1)+$W41 -> 1089.4012 | AB41: 1122.06 | AC41: =(($AG41-$AB41)/($AG$1-$AB$1))*(AC$1-$AB$1)+$AB41 -> 1149.98 | AD41: =(($AG41-$AB41)/($AG$1-$AB$1))*(AD$1-$AB$1)+$AB41 -> 1177.9 | AE41: =(($AG41-$AB41)/($AG$1-$AB$1))*(AE$1-$AB$1)+$AB41 -> 1205.82 | AF41: =(($AG41-$AB41)/($AG$1-$AB$1))*(AF$1-$AB$1)+$AB41 -> 1233.74 | AG41: 1261.66 | AH41: =SUM(Tableau2[[#This Row],[2022]:[2050]]) -> 27828.476
A42: Battery Storage | B42: Battery | C42: Copper | D42: NZE | E42: 20.4468 | F42: =(($H42-$E42)/($H$1-$E$1))*(F$1-$E$1)+$E42 -> 39.462867 | G42: =(($H42-$E42)/($H$1-$E$1))*(G$1-$E$1)+$E42 -> 58.478933 | H42: 77.495 | I42: =(($M42-$H42)/($M$1-$H$1))*(I$1-$H$1)+$H42 -> 113.6262 | J42: =(($M42-$H42)/($M$1-$H$1))*(J$1-$H$1)+$H42 -> 149.7574 | K42: =(($M42-$H42)/($M$1-$H$1))*(K$1-$H$1)+$H42 -> 185.8886 | L42: =(($M42-$H42)/($M$1-$H$1))*(L$1-$H$1)+$H42 -> 222.0198 | M42: 258.151 | N42: =(($R42-$M42)/($R$1-$M$1))*(N$1-$M$1)+$M42 -> 294.6926 | O42: =(($R42-$M42)/($R$1-$M$1))*(O$1-$M$1)+$M42 -> 331.2342 | P42: =(($R42-$M42)/($R$1-$M$1))*(P$1-$M$1)+$M42 -> 367.7758 | Q42: =(($R42-$M42)/($R$1-$M$1))*(Q$1-$M$1)+$M42 -> 404.3174 | R42: 440.859 | S42: =(($W42-$R42)/($W$1-$R$1))*(S$1-$R$1)+$R42 -> 489.7504 | T42: =(($W42-$R42)/($W$1-$R$1))*(T$1-$R$1)+$R42 -> 538.6418 | U42: =(($W42-$R42)/($W$1-$R$1))*(U$1-$R$1)+$R42 -> 587.5332 | V42: =(($W42-$R42)/($W$1-$R$1))*(V$1-$R$1)+$R42 -> 636.4246 | W42: 685.316 | X42: =(($AB42-$W42)/($AB$1-$W$1))*(X$1-$W$1)+$W42 -> 695.0188 | Y42: =(($AB42-$W42)/($AB$1-$W$1))*(Y$1-$W$1)+$W42 -> 704.7216 | Z42: =(($AB42-$W42)/($AB$1-$W$1))*(Z$1-$W$1)+$W42 -> 714.4244 | AA42: =(($AB42-$W42)/($AB$1-$W$1))*(AA$1-$W$1)+$W42 -> 724.1272 | AB42: 733.83 | AC42: =(($AG42-$AB42)/($AG$1-$AB$1))*(AC$1-$AB$1)+$AB42 -> 720.0954 | AD42: =(($AG42-$AB42)/($AG$1-$AB$1))*(AD$1-$AB$1)+$AB42 -> 706.3608 | AE42: =(($AG42-$AB42)/($AG$1-$AB$1))*(AE$1-$AB$1)+$AB42 -> 692.6262 | AF42: =(($AG42-$AB42)/($AG$1-$AB$1))*(AF$1-$AB$1)+$AB42 -> 678.8916 | AG42: 665.157 | AH42: =SUM(Tableau2[[#This Row],[2022]:[2050]]) -> 12937.125
A43: Solar PV | C43: Copper | D43: APS | E43: 681.645 | F43: =(($H43-$E43)/($H$1-$E$1))*(F$1-$E$1)+$E43 -> 762.145 | G43: =(($H43-$E43)/($H$1-$E$1))*(G$1-$E$1)+$E43 -> 842.645 | H43: 923.145 | I43: =(($M43-$H43)/($M$1-$H$1))*(I$1-$H$1)+$H43 -> 973.85 | J43: =(($M43-$H43)/($M$1-$H$1))*(J$1-$H$1)+$H43 -> 1024.555 | K43: =(($M43-$H43)/($M$1-$H$1))*(K$1-$H$1)+$H43 -> 1075.26 | L43: =(($M43-$H43)/($M$1-$H$1))*(L$1-$H$1)+$H43 -> 1125.965 | M43: 1176.67 | N43: =(($R43-$M43)/($R$1-$M$1))*(N$1-$M$1)+$M43 -> 1215.21 | O43: =(($R43-$M43)/($R$1-$M$1))*(O$1-$M$1)+$M43 -> 1253.75 | P43: =(($R43-$M43)/($R$1-$M$1))*(P$1-$M$1)+$M43 -> 1292.29 | Q43: =(($R43-$M43)/($R$1-$M$1))*(Q$1-$M$1)+$M43 -> 1330.83 | R43: 1369.37 | S43: =(($W43-$R43)/($W$1-$R$1))*(S$1-$R$1)+$R43 -> 1373.98 | T43: =(($W43-$R43)/($W$1-$R$1))*(T$1-$R$1)+$R43 -> 1378.59 | U43: =(($W43-$R43)/($W$1-$R$1))*(U$1-$R$1)+$R43 -> 1383.2 | V43: =(($W43-$R43)/($W$1-$R$1))*(V$1-$R$1)+$R43 -> 1387.81 | W43: 1392.42 | X43: =(($AB43-$W43)/($AB$1-$W$1))*(X$1-$W$1)+$W43 -> 1438.05 | Y43: =(($AB43-$W43)/($AB$1-$W$1))*(Y$1-$W$1)+$W43 -> 1483.68 | Z43: =(($AB43-$W43)/($AB$1-$W$1))*(Z$1-$W$1)+$W43 -> 1529.31 | AA43: =(($AB43-$W43)/($AB$1-$W$1))*(AA$1-$W$1)+$W43 -> 1574.94 | AB43: 1620.57 | AC43: =(($AG43-$AB43)/($AG$1-$AB$1))*(AC$1-$AB$1)+$AB43 -> 1658.714 | AD43: =(($AG43-$AB43)/($AG$1-$AB$1))*(AD$1-$AB$1)+$AB43 -> 1696.858 | AE43: =(($AG43-$AB43)/($AG$1-$AB$1))*(AE$1-$AB$1)+$AB43 -> 1735.002 | AF43: =(($AG43-$AB43)/($AG$1-$AB$1))*(AF$1-$AB$1)+$AB43 -> 1773.146 | AG43: 1811.29 | AH43: =SUM(Tableau2[[#This Row],[2022]:[2050]]) -> 38284.89
A44: Wind | C44: Copper | D44: SPS | E44: 393.792 | F44: =(($H44-$E44)/($H$1-$E$1))*(F$1-$E$1)+$E44 -> 405.11633 | G44: =(($H44-$E44)/($H$1-$E$1))*(G$1-$E$1)+$E44 -> 416.44067 | H44: 427.765 | I44: =(($M44-$H44)/($M$1-$H$1))*(I$1-$H$1)+$H44 -> 471.4786 | J44: =(($M44-$H44)/($M$1-$H$1))*(J$1-$H$1)+$H44 -> 515.1922 | K44: =(($M44-$H44)/($M$1-$H$1))*(K$1-$H$1)+$H44 -> 558.9058 | L44: =(($M44-$H44)/($M$1-$H$1))*(L$1-$H$1)+$H44 -> 602.6194 | M44: 646.333 | N44: =(($R44-$M44)/($R$1-$M$1))*(N$1-$M$1)+$M44 -> 636.1174 | O44: =(($R44-$M44)/($R$1-$M$1))*(O$1-$M$1)+$M44 -> 625.9018 | P44: =(($R44-$M44)/($R$1-$M$1))*(P$1-$M$1)+$M44 -> 615.6862 | Q44: =(($R44-$M44)/($R$1-$M$1))*(Q$1-$M$1)+$M44 -> 605.4706 | R44: 595.255 | S44: =(($W44-$R44)/($W$1-$R$1))*(S$1-$R$1)+$R44 -> 582.662 | T44: =(($W44-$R44)/($W$1-$R$1))*(T$1-$R$1)+$R44 -> 570.069 | U44: =(($W44-$R44)/($W$1-$R$1))*(U$1-$R$1)+$R44 -> 557.476 | V44: =(($W44-$R44)/($W$1-$R$1))*(V$1-$R$1)+$R44 -> 544.883 | W44: 532.29 | X44: =(($AB44-$W44)/($AB$1-$W$1))*(X$1-$W$1)+$W44 -> 553.6332 | Y44: =(($AB44-$W44)/($AB$1-$W$1))*(Y$1-$W$1)+$W44 -> 574.9764 | Z44: =(($AB44-$W44)/($AB$1-$W$1))*(Z$1-$W$1)+$W44 -> 596.3196 | AA44: =(($AB44-$W44)/($AB$1-$W$1))*(AA$1-$W$1)+$W44 -> 617.6628 | AB44: 639.006 | AC44: =(($AG44-$AB44)/($AG$1-$AB$1))*(AC$1-$AB$1)+$AB44 -> 655.3316 | AD44: =(($AG44-$AB44)/($AG$1-$AB$1))*(AD$1-$AB$1)+$AB44 -> 671.6572 | AE44: =(($AG44-$AB44)/($AG$1-$AB$1))*(AE$1-$AB$1)+$AB44 -> 687.9828 | AF44: =(($AG44-$AB44)/($AG$1-$AB$1))*(AF$1-$AB$1)+$AB44 -> 704.3084 | AG44: 720.634 | AH44: =SUM(Tableau2[[#This Row],[2022]:[2050]]) -> 16724.966
A45: Hydrogen | C45: Copper | D45: NZE | E45: 0.00319687 | F45: =(($H45-$E45)/($H$1-$E$1))*(F$1-$E$1)+$E45 -> 0.021079247 | G45: =(($H45-$E45)/($H$1-$E$1))*(G$1-$E$1)+$E45 -> 0.038961623 | H45: 0.056844 | I45: =(($M45-$H45)/($M$1-$H$1))*(I$1-$H$1)+$H45 -> 0.074849 | J45: =(($M45-$H45)/($M$1-$H$1))*(J$1-$H$1)+$H45 -> 0.092854 | K45: =(($M45-$H45)/($M$1-$H$1))*(K$1-$H$1)+$H45 -> 0.110859 | L45: =(($M45-$H45)/($M$1-$H$1))*(L$1-$H$1)+$H45 -> 0.128864 | M45: 0.146869 | N45: =(($R45-$M45)/($R$1-$M$1))*(N$1-$M$1)+$M45 -> 0.1540088 | O45: =(($R45-$M45)/($R$1-$M$1))*(O$1-$M$1)+$M45 -> 0.1611486 | P45: =(($R45-$M45)/($R$1-$M$1))*(P$1-$M$1)+$M45 -> 0.1682884 | Q45: =(($R45-$M45)/($R$1-$M$1))*(Q$1-$M$1)+$M45 -> 0.1754282 | R45: 0.182568 | S45: =(($W45-$R45)/($W$1-$R$1))*(S$1-$R$1)+$R45 -> 0.180279 | T45: =(($W45-$R45)/($W$1-$R$1))*(T$1-$R$1)+$R45 -> 0.17799 | U45: =(($W45-$R45)/($W$1-$R$1))*(U$1-$R$1)+$R45 -> 0.175701 | V45: =(($W45-$R45)/($W$1-$R$1))*(V$1-$R$1)+$R45 -> 0.173412 | W45: 0.171123 | X45: =(($AB45-$W45)/($AB$1-$W$1))*(X$1-$W$1)+$W45 -> 0.1645924 | Y45: =(($AB45-$W45)/($AB$1-$W$1))*(Y$1-$W$1)+$W45 -> 0.1580618 | Z45: =(($AB45-$W45)/($AB$1-$W$1))*(Z$1-$W$1)+$W45 -> 0.1515312 | AA45: =(($AB45-$W45)/($AB$1-$W$1))*(AA$1-$W$1)+$W45 -> 0.1450006 | AB45: 0.13847 | AC45: =(($AG45-$AB45)/($AG$1-$AB$1))*(AC$1-$AB$1)+$AB45 -> 0.1550872 | AD45: =(($AG45-$AB45)/($AG$1-$AB$1))*(AD$1-$AB$1)+$AB45 -> 0.1717044 | AE45: =(($AG45-$AB45)/($AG$1-$AB$1))*(AE$1-$AB$1)+$AB45 -> 0.1883216 | AF45: =(($AG45-$AB45)/($AG$1-$AB$1))*(AF$1-$AB$1)+$AB45 -> 0.2049388 | AG45: 0.221556 | AH45: =SUM(Tableau2[[#This Row],[2022]:[2050]]) -> 4.0935877
A46: Wind | C46: Copper | D46: APS | E46: 393.792 | F46: =(($H46-$E46)/($H$1-$E$1))*(F$1-$E$1)+$E46 -> 443.01067 | G46: =(($H46-$E46)/($H$1-$E$1))*(G$1-$E$1)+$E46 -> 492.22933 | H46: 541.448 | I46: =(($M46-$H46)/($M$1-$H$1))*(I$1-$H$1)+$H46 -> 610.086 | J46: =(($M46-$H46)/($M$1-$H$1))*(J$1-$H$1)+$H46 -> 678.724 | K46: =(($M46-$H46)/($M$1-$H$1))*(K$1-$H$1)+$H46 -> 747.362 | L46: =(($M46-$H46)/($M$1-$H$1))*(L$1-$H$1)+$H46 -> 816 | M46: 884.638 | N46: =(($R46-$M46)/($R$1-$M$1))*(N$1-$M$1)+$M46 -> 904.445 | O46: =(($R46-$M46)/($R$1-$M$1))*(O$1-$M$1)+$M46 -> 924.252 | P46: =(($R46-$M46)/($R$1-$M$1))*(P$1-$M$1)+$M46 -> 944.059 | Q46: =(($R46-$M46)/($R$1-$M$1))*(Q$1-$M$1)+$M46 -> 963.866 | R46: 983.673 | S46: =(($W46-$R46)/($W$1-$R$1))*(S$1-$R$1)+$R46 -> 984.8696 | T46: =(($W46-$R46)/($W$1-$R$1))*(T$1-$R$1)+$R46 -> 986.0662 | U46: =(($W46-$R46)/($W$1-$R$1))*(U$1-$R$1)+$R46 -> 987.2628 | V46: =(($W46-$R46)/($W$1-$R$1))*(V$1-$R$1)+$R46 -> 988.4594 | W46: 989.656 | X46: =(($AB46-$W46)/($AB$1-$W$1))*(X$1-$W$1)+$W46 -> 991.006 | Y46: =(($AB46-$W46)/($AB$1-$W$1))*(Y$1-$W$1)+$W46 -> 992.356 | Z46: =(($AB46-$W46)/($AB$1-$W$1))*(Z$1-$W$1)+$W46 -> 993.706 | AA46: =(($AB46-$W46)/($AB$1-$W$1))*(AA$1-$W$1)+$W46 -> 995.056 | AB46: 996.406 | AC46: =(($AG46-$AB46)/($AG$1-$AB$1))*(AC$1-$AB$1)+$AB46 -> 1018.6008 | AD46: =(($AG46-$AB46)/($AG$1-$AB$1))*(AD$1-$AB$1)+$AB46 -> 1040.7956 | AE46: =(($AG46-$AB46)/($AG$1-$AB$1))*(AE$1-$AB$1)+$AB46 -> 1062.9904 | AF46: =(($AG46-$AB46)/($AG$1-$AB$1))*(AF$1-$AB$1)+$AB46 -> 1085.1852 | AG46: 1107.38 | AH46: =SUM(Tableau2[[#This Row],[2022]:[2050]]) -> 25547.381
A47: All | B47: All | C47: Copper | D47: SPS | E47: 25501.86 | F47: =(($H47-$E47)/($H$1-$E$1))*(F$1-$E$1)+$E47 -> 25919.54 | G47: =(($H47-$E47)/($H$1-$E$1))*(G$1-$E$1)+$E47 -> 26337.22 | H47: 26754.9 | I47: =(($M47-$H47)/($M$1-$H$1))*(I$1-$H$1)+$H47 -> 27573.57 | J47: =(($M47-$H47)/($M$1-$H$1))*(J$1-$H$1)+$H47 -> 28392.24 | K47: =(($M47-$H47)/($M$1-$H$1))*(K$1-$H$1)+$H47 -> 29210.91 | L47: =(($M47-$H47)/($M$1-$H$1))*(L$1-$H$1)+$H47 -> 30029.58 | M47: 30848.25 | N47: =(($R47-$M47)/($R$1-$M$1))*(N$1-$M$1)+$M47 -> 30986.312 | O47: =(($R47-$M47)/($R$1-$M$1))*(O$1-$M$1)+$M47 -> 31124.374 | P47: =(($R47-$M47)/($R$1-$M$1))*(P$1-$M$1)+$M47 -> 31262.436 | Q47: =(($R47-$M47)/($R$1-$M$1))*(Q$1-$M$1)+$M47 -> 31400.498 | R47: 31538.56 | S47: =(($W47-$R47)/($W$1-$R$1))*(S$1-$R$1)+$R47 -> 31863.564 | T47: =(($W47-$R47)/($W$1-$R$1))*(T$1-$R$1)+$R47 -> 32188.568 | U47: =(($W47-$R47)/($W$1-$R$1))*(U$1-$R$1)+$R47 -> 32513.572 | V47: =(($W47-$R47)/($W$1-$R$1))*(V$1-$R$1)+$R47 -> 32838.576 | W47: 33163.58 | X47: =(($AB47-$W47)/($AB$1-$W$1))*(X$1-$W$1)+$W47 -> 33688.644 | Y47: =(($AB47-$W47)/($AB$1-$W$1))*(Y$1-$W$1)+$W47 -> 34213.708 | Z47: =(($AB47-$W47)/($AB$1-$W$1))*(Z$1-$W$1)+$W47 -> 34738.772 | AA47: =(($AB47-$W47)/($AB$1-$W$1))*(AA$1-$W$1)+$W47 -> 35263.836 | AB47: 35788.9 | AC47: =(($AG47-$AB47)/($AG$1-$AB$1))*(AC$1-$AB$1)+$AB47 -> 35901.82 | AD47: =(($AG47-$AB47)/($AG$1-$AB$1))*(AD$1-$AB$1)+$AB47 -> 36014.74 | AE47: =(($AG47-$AB47)/($AG$1-$AB$1))*(AE$1-$AB$1)+$AB47 -> 36127.66 | AF47: =(($AG47-$AB47)/($AG$1-$AB$1))*(AF$1-$AB$1)+$AB47 -> 36240.58 | AG47: 36353.5
A48: EV | B48: PMSG | C48: Dysprosium | D48: APS | E48: 0.412567 | F48: =(($H48-$E48)/($H$1-$E$1))*(F$1-$E$1)+$E48 -> 0.561624 | G48: =(($H48-$E48)/($H$1-$E$1))*(G$1-$E$1)+$E48 -> 0.710681 | H48: 0.859738 | I48: =(($M48-$H48)/($M$1-$H$1))*(I$1-$H$1)+$H48 -> 1.0363344 | J48: =(($M48-$H48)/($M$1-$H$1))*(J$1-$H$1)+$H48 -> 1.2129308 | K48: =(($M48-$H48)/($M$1-$H$1))*(K$1-$H$1)+$H48 -> 1.3895272 | L48: =(($M48-$H48)/($M$1-$H$1))*(L$1-$H$1)+$H48 -> 1.5661236 | M48: 1.74272 | N48: =(($R48-$M48)/($R$1-$M$1))*(N$1-$M$1)+$M48 -> 1.986576 | O48: =(($R48-$M48)/($R$1-$M$1))*(O$1-$M$1)+$M48 -> 2.230432 | P48: =(($R48-$M48)/($R$1-$M$1))*(P$1-$M$1)+$M48 -> 2.474288 | Q48: =(($R48-$M48)/($R$1-$M$1))*(Q$1-$M$1)+$M48 -> 2.718144 | R48: 2.962 | S48: =(($W48-$R48)/($W$1-$R$1))*(S$1-$R$1)+$R48 -> 3.142694 | T48: =(($W48-$R48)/($W$1-$R$1))*(T$1-$R$1)+$R48 -> 3.323388 | U48: =(($W48-$R48)/($W$1-$R$1))*(U$1-$R$1)+$R48 -> 3.504082 | V48: =(($W48-$R48)/($W$1-$R$1))*(V$1-$R$1)+$R48 -> 3.684776 | W48: 3.86547 | X48: =(($AB48-$W48)/($AB$1-$W$1))*(X$1-$W$1)+$W48 -> 3.961016 | Y48: =(($AB48-$W48)/($AB$1-$W$1))*(Y$1-$W$1)+$W48 -> 4.056562 | Z48: =(($AB48-$W48)/($AB$1-$W$1))*(Z$1-$W$1)+$W48 -> 4.152108 | AA48: =(($AB48-$W48)/($AB$1-$W$1))*(AA$1-$W$1)+$W48 -> 4.247654 | AB48: 4.3432 | AC48: =(($AG48-$AB48)/($AG$1-$AB$1))*(AC$1-$AB$1)+$AB48 -> 4.431982 | AD48: =(($AG48-$AB48)/($AG$1-$AB$1))*(AD$1-$AB$1)+$AB48 -> 4.520764 | AE48: =(($AG48-$AB48)/($AG$1-$AB$1))*(AE$1-$AB$1)+$AB48 -> 4.609546 | AF48: =(($AG48-$AB48)/($AG$1-$AB$1))*(AF$1-$AB$1)+$AB48 -> 4.698328 | AG48: 4.78711 | AH48: =SUM(Tableau2[[#This Row],[2022]:[2050]]) -> 83.192366
A49: EV | B49: PMSG | C49: Dysprosium | D49: SPS | E49: 0.412567 | F49: =(($H49-$E49)/($H$1-$E$1))*(F$1-$E$1)+$E49 -> 0.5222 | G49: =(($H49-$E49)/($H$1-$E$1))*(G$1-$E$1)+$E49 -> 0.631833 | H49: 0.741466 | I49: =(($M49-$H49)/($M$1-$H$1))*(I$1-$H$1)+$H49 -> 0.8344488 | J49: =(($M49-$H49)/($M$1-$H$1))*(J$1-$H$1)+$H49 -> 0.9274316 | K49: =(($M49-$H49)/($M$1-$H$1))*(K$1-$H$1)+$H49 -> 1.0204144 | L49: =(($M49-$H49)/($M$1-$H$1))*(L$1-$H$1)+$H49 -> 1.1133972 | M49: 1.20638 | N49: =(($R49-$M49)/($R$1-$M$1))*(N$1-$M$1)+$M49 -> 1.260678 | O49: =(($R49-$M49)/($R$1-$M$1))*(O$1-$M$1)+$M49 -> 1.314976 | P49: =(($R49-$M49)/($R$1-$M$1))*(P$1-$M$1)+$M49 -> 1.369274 | Q49: =(($R49-$M49)/($R$1-$M$1))*(Q$1-$M$1)+$M49 -> 1.423572 | R49: 1.47787 | S49: =(($W49-$R49)/($W$1-$R$1))*(S$1-$R$1)+$R49 -> 1.550264 | T49: =(($W49-$R49)/($W$1-$R$1))*(T$1-$R$1)+$R49 -> 1.622658 | U49: =(($W49-$R49)/($W$1-$R$1))*(U$1-$R$1)+$R49 -> 1.695052 | V49: =(($W49-$R49)/($W$1-$R$1))*(V$1-$R$1)+$R49 -> 1.767446 | W49: 1.83984 | X49: =(($AB49-$W49)/($AB$1-$W$1))*(X$1-$W$1)+$W49 -> 1.89744 | Y49: =(($AB49-$W49)/($AB$1-$W$1))*(Y$1-$W$1)+$W49 -> 1.95504 | Z49: =(($AB49-$W49)/($AB$1-$W$1))*(Z$1-$W$1)+$W49 -> 2.01264 | AA49: =(($AB49-$W49)/($AB$1-$W$1))*(AA$1-$W$1)+$W49 -> 2.07024 | AB49: 2.12784 | AC49: =(($AG49-$AB49)/($AG$1-$AB$1))*(AC$1-$AB$1)+$AB49 -> 2.149242 | AD49: =(($AG49-$AB49)/($AG$1-$AB$1))*(AD$1-$AB$1)+$AB49 -> 2.170644 | AE49: =(($AG49-$AB49)/($AG$1-$AB$1))*(AE$1-$AB$1)+$AB49 -> 2.192046 | AF49: =(($AG49-$AB49)/($AG$1-$AB$1))*(AF$1-$AB$1)+$AB49 -> 2.213448 | AG49: 2.23485 | AH49: =SUM(Tableau2[[#This Row],[2022]:[2050]]) -> 43.755198
A50: Wind | B50: PMSG | C50: Dysprosium | D50: NZE | E50: 0.628063 | F50: =(($H50-$E50)/($H$1-$E$1))*(F$1-$E$1)+$E50 -> 0.787012 | G50: =(($H50-$E50)/($H$1-$E$1))*(G$1-$E$1)+$E50 -> 0.945961 | H50: 1.10491 | I50: =(($M50-$H50)/($M$1-$H$1))*(I$1-$H$1)+$H50 -> 1.40107 | J50: =(($M50-$H50)/($M$1-$H$1))*(J$1-$H$1)+$H50 -> 1.69723 | K50: =(($M50-$H50)/($M$1-$H$1))*(K$1-$H$1)+$H50 -> 1.99339 | L50: =(($M50-$H50)/($M$1-$H$1))*(L$1-$H$1)+$H50 -> 2.28955 | M50: 2.58571 | N50: =(($R50-$M50)/($R$1-$M$1))*(N$1-$M$1)+$M50 -> 2.558536 | O50: =(($R50-$M50)/($R$1-$M$1))*(O$1-$M$1)+$M50 -> 2.531362 | P50: =(($R50-$M50)/($R$1-$M$1))*(P$1-$M$1)+$M50 -> 2.504188 | Q50: =(($R50-$M50)/($R$1-$M$1))*(Q$1-$M$1)+$M50 -> 2.477014 | R50: 2.44984 | S50: =(($W50-$R50)/($W$1-$R$1))*(S$1-$R$1)+$R50 -> 2.38525 | T50: =(($W50-$R50)/($W$1-$R$1))*(T$1-$R$1)+$R50 -> 2.32066 | U50: =(($W50-$R50)/($W$1-$R$1))*(U$1-$R$1)+$R50 -> 2.25607 | V50: =(($W50-$R50)/($W$1-$R$1))*(V$1-$R$1)+$R50 -> 2.19148 | W50: 2.12689 | X50: =(($AB50-$W50)/($AB$1-$W$1))*(X$1-$W$1)+$W50 -> 1.982156 | Y50: =(($AB50-$W50)/($AB$1-$W$1))*(Y$1-$W$1)+$W50 -> 1.837422 | Z50: =(($AB50-$W50)/($AB$1-$W$1))*(Z$1-$W$1)+$W50 -> 1.692688 | AA50: =(($AB50-$W50)/($AB$1-$W$1))*(AA$1-$W$1)+$W50 -> 1.547954 | AB50: 1.40322 | AC50: =(($AG50-$AB50)/($AG$1-$AB$1))*(AC$1-$AB$1)+$AB50 -> 1.536874 | AD50: =(($AG50-$AB50)/($AG$1-$AB$1))*(AD$1-$AB$1)+$AB50 -> 1.670528 | AE50: =(($AG50-$AB50)/($AG$1-$AB$1))*(AE$1-$AB$1)+$AB50 -> 1.804182 | AF50: =(($AG50-$AB50)/($AG$1-$AB$1))*(AF$1-$AB$1)+$AB50 -> 1.937836 | AG50: 2.07149 | AH50: =SUM(Tableau2[[#This Row],[2022]:[2050]]) -> 54.718536
A51: Wind | B51: PMSG | C51: Dysprosium | D51: SPS | E51: 0.628063 | F51: =(($H51-$E51)/($H$1-$E$1))*(F$1-$E$1)+$E51 -> 0.64430867 | G51: =(($H51-$E51)/($H$1-$E$1))*(G$1-$E$1)+$E51 -> 0.66055433 | H51: 0.6768 | I51: =(($M51-$H51)/($M$1-$H$1))*(I$1-$H$1)+$H51 -> 0.753832 | J51: =(($M51-$H51)/($M$1-$H$1))*(J$1-$H$1)+$H51 -> 0.830864 | K51: =(($M51-$H51)/($M$1-$H$1))*(K$1-$H$1)+$H51 -> 0.907896 | L51: =(($M51-$H51)/($M$1-$H$1))*(L$1-$H$1)+$H51 -> 0.984928 | M51: 1.06196 | N51: =(($R51-$M51)/($R$1-$M$1))*(N$1-$M$1)+$M51 -> 1.0418648 | O51: =(($R51-$M51)/($R$1-$M$1))*(O$1-$M$1)+$M51 -> 1.0217696 | P51: =(($R51-$M51)/($R$1-$M$1))*(P$1-$M$1)+$M51 -> 1.0016744 | Q51: =(($R51-$M51)/($R$1-$M$1))*(Q$1-$M$1)+$M51 -> 0.9815792 | R51: 0.961484 | S51: =(($W51-$R51)/($W$1-$R$1))*(S$1-$R$1)+$R51 -> 0.9393706 | T51: =(($W51-$R51)/($W$1-$R$1))*(T$1-$R$1)+$R51 -> 0.9172572 | U51: =(($W51-$R51)/($W$1-$R$1))*(U$1-$R$1)+$R51 -> 0.8951438 | V51: =(($W51-$R51)/($W$1-$R$1))*(V$1-$R$1)+$R51 -> 0.8730304 | W51: 0.850917 | X51: =(($AB51-$W51)/($AB$1-$W$1))*(X$1-$W$1)+$W51 -> 0.8873776 | Y51: =(($AB51-$W51)/($AB$1-$W$1))*(Y$1-$W$1)+$W51 -> 0.9238382 | Z51: =(($AB51-$W51)/($AB$1-$W$1))*(Z$1-$W$1)+$W51 -> 0.9602988 | AA51: =(($AB51-$W51)/($AB$1-$W$1))*(AA$1-$W$1)+$W51 -> 0.9967594 | AB51: 1.03322 | AC51: =(($AG51-$AB51)/($AG$1-$AB$1))*(AC$1-$AB$1)+$AB51 -> 1.063676 | AD51: =(($AG51-$AB51)/($AG$1-$AB$1))*(AD$1-$AB$1)+$AB51 -> 1.094132 | AE51: =(($AG51-$AB51)/($AG$1-$AB$1))*(AE$1-$AB$1)+$AB51 -> 1.124588 | AF51: =(($AG51-$AB51)/($AG$1-$AB$1))*(AF$1-$AB$1)+$AB51 -> 1.155044 | AG51: 1.1855 | AH51: =SUM(Tableau2[[#This Row],[2022]:[2050]]) -> 27.057731
A52: EV | B52: PMSG | C52: Dysprosium | D52: NZE | E52: 0.412567 | F52: =(($H52-$E52)/($H$1-$E$1))*(F$1-$E$1)+$E52 -> 0.71852467 | G52: =(($H52-$E52)/($H$1-$E$1))*(G$1-$E$1)+$E52 -> 1.0244823 | H52: 1.33044 | I52: =(($M52-$H52)/($M$1-$H$1))*(I$1-$H$1)+$H52 -> 1.586646 | J52: =(($M52-$H52)/($M$1-$H$1))*(J$1-$H$1)+$H52 -> 1.842852 | K52: =(($M52-$H52)/($M$1-$H$1))*(K$1-$H$1)+$H52 -> 2.099058 | L52: =(($M52-$H52)/($M$1-$H$1))*(L$1-$H$1)+$H52 -> 2.355264 | M52: 2.61147 | N52: =(($R52-$M52)/($R$1-$M$1))*(N$1-$M$1)+$M52 -> 2.779368 | O52: =(($R52-$M52)/($R$1-$M$1))*(O$1-$M$1)+$M52 -> 2.947266 | P52: =(($R52-$M52)/($R$1-$M$1))*(P$1-$M$1)+$M52 -> 3.115164 | Q52: =(($R52-$M52)/($R$1-$M$1))*(Q$1-$M$1)+$M52 -> 3.283062 | R52: 3.45096 | S52: =(($W52-$R52)/($W$1-$R$1))*(S$1-$R$1)+$R52 -> 3.430888 | T52: =(($W52-$R52)/($W$1-$R$1))*(T$1-$R$1)+$R52 -> 3.410816 | U52: =(($W52-$R52)/($W$1-$R$1))*(U$1-$R$1)+$R52 -> 3.390744 | V52: =(($W52-$R52)/($W$1-$R$1))*(V$1-$R$1)+$R52 -> 3.370672 | W52: 3.3506 | X52: =(($AB52-$W52)/($AB$1-$W$1))*(X$1-$W$1)+$W52 -> 3.405432 | Y52: =(($AB52-$W52)/($AB$1-$W$1))*(Y$1-$W$1)+$W52 -> 3.460264 | Z52: =(($AB52-$W52)/($AB$1-$W$1))*(Z$1-$W$1)+$W52 -> 3.515096 | AA52: =(($AB52-$W52)/($AB$1-$W$1))*(AA$1-$W$1)+$W52 -> 3.569928 | AB52: 3.62476 | AC52: =(($AG52-$AB52)/($AG$1-$AB$1))*(AC$1-$AB$1)+$AB52 -> 3.64126 | AD52: =(($AG52-$AB52)/($AG$1-$AB$1))*(AD$1-$AB$1)+$AB52 -> 3.65776 | AE52: =(($AG52-$AB52)/($AG$1-$AB$1))*(AE$1-$AB$1)+$AB52 -> 3.67426 | AF52: =(($AG52-$AB52)/($AG$1-$AB$1))*(AF$1-$AB$1)+$AB52 -> 3.69076 | AG52: 3.70726 | AH52: =SUM(Tableau2[[#This Row],[2022]:[2050]]) -> 82.457624
A53: Wind | B53: PMSG | C53: Dysprosium | D53: APS | E53: 0.628063 | F53: =(($H53-$E53)/($H$1-$E$1))*(F$1-$E$1)+$E53 -> 0.705703 | G53: =(($H53-$E53)/($H$1-$E$1))*(G$1-$E$1)+$E53 -> 0.783343 | H53: 0.860983 | I53: =(($M53-$H53)/($M$1-$H$1))*(I$1-$H$1)+$H53 -> 0.9733884 | J53: =(($M53-$H53)/($M$1-$H$1))*(J$1-$H$1)+$H53 -> 1.0857938 | K53: =(($M53-$H53)/($M$1-$H$1))*(K$1-$H$1)+$H53 -> 1.1981992 | L53: =(($M53-$H53)/($M$1-$H$1))*(L$1-$H$1)+$H53 -> 1.3106046 | M53: 1.42301 | N53: =(($R53-$M53)/($R$1-$M$1))*(N$1-$M$1)+$M53 -> 1.4548 | O53: =(($R53-$M53)/($R$1-$M$1))*(O$1-$M$1)+$M53 -> 1.48659 | P53: =(($R53-$M53)/($R$1-$M$1))*(P$1-$M$1)+$M53 -> 1.51838 | Q53: =(($R53-$M53)/($R$1-$M$1))*(Q$1-$M$1)+$M53 -> 1.55017 | R53: 1.58196 | S53: =(($W53-$R53)/($W$1-$R$1))*(S$1-$R$1)+$R53 -> 1.581792 | T53: =(($W53-$R53)/($W$1-$R$1))*(T$1-$R$1)+$R53 -> 1.581624 | U53: =(($W53-$R53)/($W$1-$R$1))*(U$1-$R$1)+$R53 -> 1.581456 | V53: =(($W53-$R53)/($W$1-$R$1))*(V$1-$R$1)+$R53 -> 1.581288 | W53: 1.58112 | X53: =(($AB53-$W53)/($AB$1-$W$1))*(X$1-$W$1)+$W53 -> 1.587294 | Y53: =(($AB53-$W53)/($AB$1-$W$1))*(Y$1-$W$1)+$W53 -> 1.593468 | Z53: =(($AB53-$W53)/($AB$1-$W$1))*(Z$1-$W$1)+$W53 -> 1.599642 | AA53: =(($AB53-$W53)/($AB$1-$W$1))*(AA$1-$W$1)+$W53 -> 1.605816 | AB53: 1.61199 | AC53: =(($AG53-$AB53)/($AG$1-$AB$1))*(AC$1-$AB$1)+$AB53 -> 1.64918 | AD53: =(($AG53-$AB53)/($AG$1-$AB$1))*(AD$1-$AB$1)+$AB53 -> 1.68637 | AE53: =(($AG53-$AB53)/($AG$1-$AB$1))*(AE$1-$AB$1)+$AB53 -> 1.72356 | AF53: =(($AG53-$AB53)/($AG$1-$AB$1))*(AF$1-$AB$1)+$AB53 -> 1.76075 | AG53: 1.79794 | AH53: =SUM(Tableau2[[#This Row],[2022]:[2050]]) -> 41.084278
A54: Solar PV | B54: CIGS, GaAs | C54: Gallium | D54: SPS | E54: 0.00868548 | F54: =(($H54-$E54)/($H$1-$E$1))*(F$1-$E$1)+$E54 -> 0.0092445867 | G54: =(($H54-$E54)/($H$1-$E$1))*(G$1-$E$1)+$E54 -> 0.0098036933 | H54: 0.0103628 | I54: =(($M54-$H54)/($M$1-$H$1))*(I$1-$H$1)+$H54 -> 0.02581932 | J54: =(($M54-$H54)/($M$1-$H$1))*(J$1-$H$1)+$H54 -> 0.04127584 | K54: =(($M54-$H54)/($M$1-$H$1))*(K$1-$H$1)+$H54 -> 0.05673236 | L54: =(($M54-$H54)/($M$1-$H$1))*(L$1-$H$1)+$H54 -> 0.07218888 | M54: 0.0876454 | N54: =(($R54-$M54)/($R$1-$M$1))*(N$1-$M$1)+$M54 -> 0.15900832 | O54: =(($R54-$M54)/($R$1-$M$1))*(O$1-$M$1)+$M54 -> 0.23037124 | P54: =(($R54-$M54)/($R$1-$M$1))*(P$1-$M$1)+$M54 -> 0.30173416 | Q54: =(($R54-$M54)/($R$1-$M$1))*(Q$1-$M$1)+$M54 -> 0.37309708 | R54: 0.44446 | S54: =(($W54-$R54)/($W$1-$R$1))*(S$1-$R$1)+$R54 -> 0.867156 | T54: =(($W54-$R54)/($W$1-$R$1))*(T$1-$R$1)+$R54 -> 1.289852 | U54: =(($W54-$R54)/($W$1-$R$1))*(U$1-$R$1)+$R54 -> 1.712548 | V54: =(($W54-$R54)/($W$1-$R$1))*(V$1-$R$1)+$R54 -> 2.135244 | W54: 2.55794 | X54: =(($AB54-$W54)/($AB$1-$W$1))*(X$1-$W$1)+$W54 -> 2.63798 | Y54: =(($AB54-$W54)/($AB$1-$W$1))*(Y$1-$W$1)+$W54 -> 2.71802 | Z54: =(($AB54-$W54)/($AB$1-$W$1))*(Z$1-$W$1)+$W54 -> 2.79806 | AA54: =(($AB54-$W54)/($AB$1-$W$1))*(AA$1-$W$1)+$W54 -> 2.8781 | AB54: 2.95814 | AC54: =(($AG54-$AB54)/($AG$1-$AB$1))*(AC$1-$AB$1)+$AB54 -> 3.03493 | AD54: =(($AG54-$AB54)/($AG$1-$AB$1))*(AD$1-$AB$1)+$AB54 -> 3.11172 | AE54: =(($AG54-$AB54)/($AG$1-$AB$1))*(AE$1-$AB$1)+$AB54 -> 3.18851 | AF54: =(($AG54-$AB54)/($AG$1-$AB$1))*(AF$1-$AB$1)+$AB54 -> 3.2653 | AG54: 3.34209 | AH54: =SUM(Tableau2[[#This Row],[2022]:[2050]]) -> 40.326019
A55: Solar PV | B55: CIGS, GaAs | C55: Gallium | D55: APS | E55: 0.00868548 | F55: =(($H55-$E55)/($H$1-$E$1))*(F$1-$E$1)+$E55 -> 0.0098329533 | G55: =(($H55-$E55)/($H$1-$E$1))*(G$1-$E$1)+$E55 -> 0.010980427 | H55: 0.0121279 | I55: =(($M55-$H55)/($M$1-$H$1))*(I$1-$H$1)+$H55 -> 0.03284952 | J55: =(($M55-$H55)/($M$1-$H$1))*(J$1-$H$1)+$H55 -> 0.05357114 | K55: =(($M55-$H55)/($M$1-$H$1))*(K$1-$H$1)+$H55 -> 0.07429276 | L55: =(($M55-$H55)/($M$1-$H$1))*(L$1-$H$1)+$H55 -> 0.09501438 | M55: 0.115736 | N55: =(($R55-$M55)/($R$1-$M$1))*(N$1-$M$1)+$M55 -> 0.2294746 | O55: =(($R55-$M55)/($R$1-$M$1))*(O$1-$M$1)+$M55 -> 0.3432132 | P55: =(($R55-$M55)/($R$1-$M$1))*(P$1-$M$1)+$M55 -> 0.4569518 | Q55: =(($R55-$M55)/($R$1-$M$1))*(Q$1-$M$1)+$M55 -> 0.5706904 | R55: 0.684429 | S55: =(($W55-$R55)/($W$1-$R$1))*(S$1-$R$1)+$R55 -> 1.3259512 | T55: =(($W55-$R55)/($W$1-$R$1))*(T$1-$R$1)+$R55 -> 1.9674734 | U55: =(($W55-$R55)/($W$1-$R$1))*(U$1-$R$1)+$R55 -> 2.6089956 | V55: =(($W55-$R55)/($W$1-$R$1))*(V$1-$R$1)+$R55 -> 3.2505178 | W55: 3.89204 | X55: =(($AB55-$W55)/($AB$1-$W$1))*(X$1-$W$1)+$W55 -> 4.026566 | Y55: =(($AB55-$W55)/($AB$1-$W$1))*(Y$1-$W$1)+$W55 -> 4.161092 | Z55: =(($AB55-$W55)/($AB$1-$W$1))*(Z$1-$W$1)+$W55 -> 4.295618 | AA55: =(($AB55-$W55)/($AB$1-$W$1))*(AA$1-$W$1)+$W55 -> 4.430144 | AB55: 4.56467 | AC55: =(($AG55-$AB55)/($AG$1-$AB$1))*(AC$1-$AB$1)+$AB55 -> 4.677542 | AD55: =(($AG55-$AB55)/($AG$1-$AB$1))*(AD$1-$AB$1)+$AB55 -> 4.790414 | AE55: =(($AG55-$AB55)/($AG$1-$AB$1))*(AE$1-$AB$1)+$AB55 -> 4.903286 | AF55: =(($AG55-$AB55)/($AG$1-$AB$1))*(AF$1-$AB$1)+$AB55 -> 5.016158 | AG55: 5.12903 | AH55: =SUM(Tableau2[[#This Row],[2022]:[2050]]) -> 61.737348
A56: Solar PV | B56: CIGS, GaAs | C56: Gallium | D56: NZE | E56: 0.00868548 | F56: =(($H56-$E56)/($H$1-$E$1))*(F$1-$E$1)+$E56 -> 0.011267353 | G56: =(($H56-$E56)/($H$1-$E$1))*(G$1-$E$1)+$E56 -> 0.013849227 | H56: 0.0164311 | I56: =(($M56-$H56)/($M$1-$H$1))*(I$1-$H$1)+$H56 -> 0.05255548 | J56: =(($M56-$H56)/($M$1-$H$1))*(J$1-$H$1)+$H56 -> 0.08867986 | K56: =(($M56-$H56)/($M$1-$H$1))*(K$1-$H$1)+$H56 -> 0.12480424 | L56: =(($M56-$H56)/($M$1-$H$1))*(L$1-$H$1)+$H56 -> 0.16092862 | M56: 0.197053 | N56: =(($R56-$M56)/($R$1-$M$1))*(N$1-$M$1)+$M56 -> 0.3621324 | O56: =(($R56-$M56)/($R$1-$M$1))*(O$1-$M$1)+$M56 -> 0.5272118 | P56: =(($R56-$M56)/($R$1-$M$1))*(P$1-$M$1)+$M56 -> 0.6922912 | Q56: =(($R56-$M56)/($R$1-$M$1))*(Q$1-$M$1)+$M56 -> 0.8573706 | R56: 1.02245 | S56: =(($W56-$R56)/($W$1-$R$1))*(S$1-$R$1)+$R56 -> 1.924206 | T56: =(($W56-$R56)/($W$1-$R$1))*(T$1-$R$1)+$R56 -> 2.825962 | U56: =(($W56-$R56)/($W$1-$R$1))*(U$1-$R$1)+$R56 -> 3.727718 | V56: =(($W56-$R56)/($W$1-$R$1))*(V$1-$R$1)+$R56 -> 4.629474 | W56: 5.53123 | X56: =(($AB56-$W56)/($AB$1-$W$1))*(X$1-$W$1)+$W56 -> 5.322702 | Y56: =(($AB56-$W56)/($AB$1-$W$1))*(Y$1-$W$1)+$W56 -> 5.114174 | Z56: =(($AB56-$W56)/($AB$1-$W$1))*(Z$1-$W$1)+$W56 -> 4.905646 | AA56: =(($AB56-$W56)/($AB$1-$W$1))*(AA$1-$W$1)+$W56 -> 4.697118 | AB56: 4.48859 | AC56: =(($AG56-$AB56)/($AG$1-$AB$1))*(AC$1-$AB$1)+$AB56 -> 4.593998 | AD56: =(($AG56-$AB56)/($AG$1-$AB$1))*(AD$1-$AB$1)+$AB56 -> 4.699406 | AE56: =(($AG56-$AB56)/($AG$1-$AB$1))*(AE$1-$AB$1)+$AB56 -> 4.804814 | AF56: =(($AG56-$AB56)/($AG$1-$AB$1))*(AF$1-$AB$1)+$AB56 -> 4.910222 | AG56: 5.01563 | AH56: =SUM(Tableau2[[#This Row],[2022]:[2050]]) -> 71.3266
A57: Solar PV | B57: a-Si | C57: Germanium | D57: SPS | E57: 0.00969836 | F57: =(($H57-$E57)/($H$1-$E$1))*(F$1-$E$1)+$E57 -> 0.0095777367 | G57: =(($H57-$E57)/($H$1-$E$1))*(G$1-$E$1)+$E57 -> 0.0094571133 | H57: 0.00933649 | I57: =(($M57-$H57)/($M$1-$H$1))*(I$1-$H$1)+$H57 -> 0.008979458 | J57: =(($M57-$H57)/($M$1-$H$1))*(J$1-$H$1)+$H57 -> 0.008622426 | K57: =(($M57-$H57)/($M$1-$H$1))*(K$1-$H$1)+$H57 -> 0.008265394 | L57: =(($M57-$H57)/($M$1-$H$1))*(L$1-$H$1)+$H57 -> 0.007908362 | M57: 0.00755133 | N57: =(($R57-$M57)/($R$1-$M$1))*(N$1-$M$1)+$M57 -> 0.00743235 | O57: =(($R57-$M57)/($R$1-$M$1))*(O$1-$M$1)+$M57 -> 0.00731337 | P57: =(($R57-$M57)/($R$1-$M$1))*(P$1-$M$1)+$M57 -> 0.00719439 | Q57: =(($R57-$M57)/($R$1-$M$1))*(Q$1-$M$1)+$M57 -> 0.00707541 | R57: 0.00695643 | S57: =(($W57-$R57)/($W$1-$R$1))*(S$1-$R$1)+$R57 -> 0.006872894 | T57: =(($W57-$R57)/($W$1-$R$1))*(T$1-$R$1)+$R57 -> 0.006789358 | U57: =(($W57-$R57)/($W$1-$R$1))*(U$1-$R$1)+$R57 -> 0.006705822 | V57: =(($W57-$R57)/($W$1-$R$1))*(V$1-$R$1)+$R57 -> 0.006622286 | W57: 0.00653875 | X57: =(($AB57-$W57)/($AB$1-$W$1))*(X$1-$W$1)+$W57 -> 0.006758084 | Y57: =(($AB57-$W57)/($AB$1-$W$1))*(Y$1-$W$1)+$W57 -> 0.006977418 | Z57: =(($AB57-$W57)/($AB$1-$W$1))*(Z$1-$W$1)+$W57 -> 0.007196752 | AA57: =(($AB57-$W57)/($AB$1-$W$1))*(AA$1-$W$1)+$W57 -> 0.007416086 | AB57: 0.00763542 | AC57: =(($AG57-$AB57)/($AG$1-$AB$1))*(AC$1-$AB$1)+$AB57 -> 0.00785117 | AD57: =(($AG57-$AB57)/($AG$1-$AB$1))*(AD$1-$AB$1)+$AB57 -> 0.00806692 | AE57: =(($AG57-$AB57)/($AG$1-$AB$1))*(AE$1-$AB$1)+$AB57 -> 0.00828267 | AF57: =(($AG57-$AB57)/($AG$1-$AB$1))*(AF$1-$AB$1)+$AB57 -> 0.00849842 | AG57: 0.00871417 | AH57: =SUM(Tableau2[[#This Row],[2022]:[2050]]) -> 0.22629484
A58: Solar PV | B58: a-Si | C58: Germanium | D58: APS | E58: 0.00969836 | F58: =(($H58-$E58)/($H$1-$E$1))*(F$1-$E$1)+$E58 -> 0.010153673 | G58: =(($H58-$E58)/($H$1-$E$1))*(G$1-$E$1)+$E58 -> 0.010608987 | H58: 0.0110643 | I58: =(($M58-$H58)/($M$1-$H$1))*(I$1-$H$1)+$H58 -> 0.010797942 | J58: =(($M58-$H58)/($M$1-$H$1))*(J$1-$H$1)+$H58 -> 0.010531584 | K58: =(($M58-$H58)/($M$1-$H$1))*(K$1-$H$1)+$H58 -> 0.010265226 | L58: =(($M58-$H58)/($M$1-$H$1))*(L$1-$H$1)+$H58 -> 0.009998868 | M58: 0.00973251 | N58: =(($R58-$M58)/($R$1-$M$1))*(N$1-$M$1)+$M58 -> 0.00976903 | O58: =(($R58-$M58)/($R$1-$M$1))*(O$1-$M$1)+$M58 -> 0.00980555 | P58: =(($R58-$M58)/($R$1-$M$1))*(P$1-$M$1)+$M58 -> 0.00984207 | Q58: =(($R58-$M58)/($R$1-$M$1))*(Q$1-$M$1)+$M58 -> 0.00987859 | R58: 0.00991511 | S58: =(($W58-$R58)/($W$1-$R$1))*(S$1-$R$1)+$R58 -> 0.00966369 | T58: =(($W58-$R58)/($W$1-$R$1))*(T$1-$R$1)+$R58 -> 0.00941227 | U58: =(($W58-$R58)/($W$1-$R$1))*(U$1-$R$1)+$R58 -> 0.00916085 | V58: =(($W58-$R58)/($W$1-$R$1))*(V$1-$R$1)+$R58 -> 0.00890943 | W58: 0.00865801 | X58: =(($AB58-$W58)/($AB$1-$W$1))*(X$1-$W$1)+$W58 -> 0.00877571 | Y58: =(($AB58-$W58)/($AB$1-$W$1))*(Y$1-$W$1)+$W58 -> 0.00889341 | Z58: =(($AB58-$W58)/($AB$1-$W$1))*(Z$1-$W$1)+$W58 -> 0.00901111 | AA58: =(($AB58-$W58)/($AB$1-$W$1))*(AA$1-$W$1)+$W58 -> 0.00912881 | AB58: 0.00924651 | AC58: =(($AG58-$AB58)/($AG$1-$AB$1))*(AC$1-$AB$1)+$AB58 -> 0.009250438 | AD58: =(($AG58-$AB58)/($AG$1-$AB$1))*(AD$1-$AB$1)+$AB58 -> 0.009254366 | AE58: =(($AG58-$AB58)/($AG$1-$AB$1))*(AE$1-$AB$1)+$AB58 -> 0.009258294 | AF58: =(($AG58-$AB58)/($AG$1-$AB$1))*(AF$1-$AB$1)+$AB58 -> 0.009262222 | AG58: 0.00926615 | AH58: =SUM(Tableau2[[#This Row],[2022]:[2050]]) -> 0.27921307
A59: Solar PV | B59: a-Si | C59: Germanium | D59: NZE | E59: 0.00969836 | F59: =(($H59-$E59)/($H$1-$E$1))*(F$1-$E$1)+$E59 -> 0.012177507 | G59: =(($H59-$E59)/($H$1-$E$1))*(G$1-$E$1)+$E59 -> 0.014656653 | H59: 0.0171358 | I59: =(($M59-$H59)/($M$1-$H$1))*(I$1-$H$1)+$H59 -> 0.01853012 | J59: =(($M59-$H59)/($M$1-$H$1))*(J$1-$H$1)+$H59 -> 0.01992444 | K59: =(($M59-$H59)/($M$1-$H$1))*(K$1-$H$1)+$H59 -> 0.02131876 | L59: =(($M59-$H59)/($M$1-$H$1))*(L$1-$H$1)+$H59 -> 0.02271308 | M59: 0.0241074 | N59: =(($R59-$M59)/($R$1-$M$1))*(N$1-$M$1)+$M59 -> 0.0233996 | O59: =(($R59-$M59)/($R$1-$M$1))*(O$1-$M$1)+$M59 -> 0.0226918 | P59: =(($R59-$M59)/($R$1-$M$1))*(P$1-$M$1)+$M59 -> 0.021984 | Q59: =(($R59-$M59)/($R$1-$M$1))*(Q$1-$M$1)+$M59 -> 0.0212762 | R59: 0.0205684 | S59: =(($W59-$R59)/($W$1-$R$1))*(S$1-$R$1)+$R59 -> 0.01964842 | T59: =(($W59-$R59)/($W$1-$R$1))*(T$1-$R$1)+$R59 -> 0.01872844 | U59: =(($W59-$R59)/($W$1-$R$1))*(U$1-$R$1)+$R59 -> 0.01780846 | V59: =(($W59-$R59)/($W$1-$R$1))*(V$1-$R$1)+$R59 -> 0.01688848 | W59: 0.0159685 | X59: =(($AB59-$W59)/($AB$1-$W$1))*(X$1-$W$1)+$W59 -> 0.01487864 | Y59: =(($AB59-$W59)/($AB$1-$W$1))*(Y$1-$W$1)+$W59 -> 0.01378878 | Z59: =(($AB59-$W59)/($AB$1-$W$1))*(Z$1-$W$1)+$W59 -> 0.01269892 | AA59: =(($AB59-$W59)/($AB$1-$W$1))*(AA$1-$W$1)+$W59 -> 0.01160906 | AB59: 0.0105192 | AC59: =(($AG59-$AB59)/($AG$1-$AB$1))*(AC$1-$AB$1)+$AB59 -> 0.010051718 | AD59: =(($AG59-$AB59)/($AG$1-$AB$1))*(AD$1-$AB$1)+$AB59 -> 0.009584236 | AE59: =(($AG59-$AB59)/($AG$1-$AB$1))*(AE$1-$AB$1)+$AB59 -> 0.009116754 | AF59: =(($AG59-$AB59)/($AG$1-$AB$1))*(AF$1-$AB$1)+$AB59 -> 0.008649272 | AG59: 0.00818179 | AH59: =SUM(Tableau2[[#This Row],[2022]:[2050]]) -> 0.46830279
... A68: Solar PV | B68: CIGS | C68: Indium | D68: NZE | E68: 0.0325706 | F68: =(($H68-$E68)/($H$1-$E$1))*(F$1-$E$1)+$E68 -> 0.042490467 | G68: =(($H68-$E68)/($H$1-$E$1))*(G$1-$E$1)+$E68 -> 0.052410333 | H68: 0.0623302 | I68: =(($M68-$H68)/($M$1-$H$1))*(I$1-$H$1)+$H68 -> 0.06819384 | J68: =(($M68-$H68)/($M$1-$H$1))*(J$1-$H$1)+$H68 -> 0.07405748 | K68: =(($M68-$H68)/($M$1-$H$1))*(K$1-$H$1)+$H68 -> 0.07992112 | L68: =(($M68-$H68)/($M$1-$H$1))*(L$1-$H$1)+$H68 -> 0.08578476 | M68: 0.0916484 | N68: =(($R68-$M68)/($R$1-$M$1))*(N$1-$M$1)+$M68 -> 0.09390712 | O68: =(($R68-$M68)/($R$1-$M$1))*(O$1-$M$1)+$M68 -> 0.09616584 | P68: =(($R68-$M68)/($R$1-$M$1))*(P$1-$M$1)+$M68 -> 0.09842456 | Q68: =(($R68-$M68)/($R$1-$M$1))*(Q$1-$M$1)+$M68 -> 0.10068328 | R68: 0.102942 | S68: =(($W68-$R68)/($W$1-$R$1))*(S$1-$R$1)+$R68 -> 0.1133422 | T68: =(($W68-$R68)/($W$1-$R$1))*(T$1-$R$1)+$R68 -> 0.1237424 | U68: =(($W68-$R68)/($W$1-$R$1))*(U$1-$R$1)+$R68 -> 0.1341426 | V68: =(($W68-$R68)/($W$1-$R$1))*(V$1-$R$1)+$R68 -> 0.1445428 | W68: 0.154943 | X68: =(($AB68-$W68)/($AB$1-$W$1))*(X$1-$W$1)+$W68 -> 0.1466978 | Y68: =(($AB68-$W68)/($AB$1-$W$1))*(Y$1-$W$1)+$W68 -> 0.1384526 | Z68: =(($AB68-$W68)/($AB$1-$W$1))*(Z$1-$W$1)+$W68 -> 0.1302074 | AA68: =(($AB68-$W68)/($AB$1-$W$1))*(AA$1-$W$1)+$W68 -> 0.1219622 | AB68: 0.113717 | AC68: =(($AG68-$AB68)/($AG$1-$AB$1))*(AC$1-$AB$1)+$AB68 -> 0.1137978 | AD68: =(($AG68-$AB68)/($AG$1-$AB$1))*(AD$1-$AB$1)+$AB68 -> 0.1138786 | AE68: =(($AG68-$AB68)/($AG$1-$AB$1))*(AE$1-$AB$1)+$AB68 -> 0.1139594 | AF68: =(($AG68-$AB68)/($AG$1-$AB$1))*(AF$1-$AB$1)+$AB68 -> 0.1140402 | AG68: 0.114121 | AH68: =SUM(Tableau2[[#This Row],[2022]:[2050]]) -> 2.973077
A69: Hydrogen | C69: Iridium | D69: NZE | E69: 0.000313812 | F69: =(($H69-$E69)/($H$1-$E$1))*(F$1-$E$1)+$E69 -> 0.0015877947 | G69: =(($H69-$E69)/($H$1-$E$1))*(G$1-$E$1)+$E69 -> 0.0028617773 | H69: 0.00413576 | I69: =(($M69-$H69)/($M$1-$H$1))*(I$1-$H$1)+$H69 -> 0.004295356 | J69: =(($M69-$H69)/($M$1-$H$1))*(J$1-$H$1)+$H69 -> 0.004454952 | K69: =(($M69-$H69)/($M$1-$H$1))*(K$1-$H$1)+$H69 -> 0.004614548 | L69: =(($M69-$H69)/($M$1-$H$1))*(L$1-$H$1)+$H69 -> 0.004774144 | M69: 0.00493374 | N69: =(($R69-$M69)/($R$1-$M$1))*(N$1-$M$1)+$M69 -> 0.005019728 | O69: =(($R69-$M69)/($R$1-$M$1))*(O$1-$M$1)+$M69 -> 0.005105716 | P69: =(($R69-$M69)/($R$1-$M$1))*(P$1-$M$1)+$M69 -> 0.005191704 | Q69: =(($R69-$M69)/($R$1-$M$1))*(Q$1-$M$1)+$M69 -> 0.005277692 | R69: 0.00536368 | S69: =(($W69-$R69)/($W$1-$R$1))*(S$1-$R$1)+$R69 -> 0.005105854 | T69: =(($W69-$R69)/($W$1-$R$1))*(T$1-$R$1)+$R69 -> 0.004848028 | U69: =(($W69-$R69)/($W$1-$R$1))*(U$1-$R$1)+$R69 -> 0.004590202 | V69: =(($W69-$R69)/($W$1-$R$1))*(V$1-$R$1)+$R69 -> 0.004332376 | W69: 0.00407455 | X69: =(($AB69-$W69)/($AB$1-$W$1))*(X$1-$W$1)+$W69 -> 0.003739582 | Y69: =(($AB69-$W69)/($AB$1-$W$1))*(Y$1-$W$1)+$W69 -> 0.003404614 | Z69: =(($AB69-$W69)/($AB$1-$W$1))*(Z$1-$W$1)+$W69 -> 0.003069646 | AA69: =(($AB69-$W69)/($AB$1-$W$1))*(AA$1-$W$1)+$W69 -> 0.002734678 | AB69: 0.00239971 | AC69: =(($AG69-$AB69)/($AG$1-$AB$1))*(AC$1-$AB$1)+$AB69 -> 0.002372048 | AD69: =(($AG69-$AB69)/($AG$1-$AB$1))*(AD$1-$AB$1)+$AB69 -> 0.002344386 | AE69: =(($AG69-$AB69)/($AG$1-$AB$1))*(AE$1-$AB$1)+$AB69 -> 0.002316724 | AF69: =(($AG69-$AB69)/($AG$1-$AB$1))*(AF$1-$AB$1)+$AB69 -> 0.002289062 | AG69: 0.0022614 | AH69: =SUM(Tableau2[[#This Row],[2022]:[2050]]) -> 0.10781326
A70: Solar PV | B70: PSC | C70: Lead | D70: SPS | E70: 1.16354 | F70: =(($H70-$E70)/($H$1-$E$1))*(F$1-$E$1)+$E70 -> 1.2199267 | G70: =(($H70-$E70)/($H$1-$E$1))*(G$1-$E$1)+$E70 -> 1.2763133 | H70: 1.3327 | I70: =(($M70-$H70)/($M$1-$H$1))*(I$1-$H$1)+$H70 -> 1.382 | J70: =(($M70-$H70)/($M$1-$H$1))*(J$1-$H$1)+$H70 -> 1.4313 | K70: =(($M70-$H70)/($M$1-$H$1))*(K$1-$H$1)+$H70 -> 1.4806 | L70: =(($M70-$H70)/($M$1-$H$1))*(L$1-$H$1)+$H70 -> 1.5299 | M70: 1.5792 | N70: =(($R70-$M70)/($R$1-$M$1))*(N$1-$M$1)+$M70 -> 1.584064 | O70: =(($R70-$M70)/($R$1-$M$1))*(O$1-$M$1)+$M70 -> 1.588928 | P70: =(($R70-$M70)/($R$1-$M$1))*(P$1-$M$1)+$M70 -> 1.593792 | Q70: =(($R70-$M70)/($R$1-$M$1))*(Q$1-$M$1)+$M70 -> 1.598656 | R70: 1.60352 | S70: =(($W70-$R70)/($W$1-$R$1))*(S$1-$R$1)+$R70 -> 1.618588 | T70: =(($W70-$R70)/($W$1-$R$1))*(T$1-$R$1)+$R70 -> 1.633656 | U70: =(($W70-$R70)/($W$1-$R$1))*(U$1-$R$1)+$R70 -> 1.648724 | V70: =(($W70-$R70)/($W$1-$R$1))*(V$1-$R$1)+$R70 -> 1.663792 | W70: 1.67886 | X70: =(($AB70-$W70)/($AB$1-$W$1))*(X$1-$W$1)+$W70 -> 1.731752 | Y70: =(($AB70-$W70)/($AB$1-$W$1))*(Y$1-$W$1)+$W70 -> 1.784644 | Z70: =(($AB70-$W70)/($AB$1-$W$1))*(Z$1-$W$1)+$W70 -> 1.837536 | AA70: =(($AB70-$W70)/($AB$1-$W$1))*(AA$1-$W$1)+$W70 -> 1.890428 | AB70: 1.94332 | AC70: =(($AG70-$AB70)/($AG$1-$AB$1))*(AC$1-$AB$1)+$AB70 -> 1.993802 | AD70: =(($AG70-$AB70)/($AG$1-$AB$1))*(AD$1-$AB$1)+$AB70 -> 2.044284 | AE70: =(($AG70-$AB70)/($AG$1-$AB$1))*(AE$1-$AB$1)+$AB70 -> 2.094766 | AF70: =(($AG70-$AB70)/($AG$1-$AB$1))*(AF$1-$AB$1)+$AB70 -> 2.145248 | AG70: 2.19573 | AH70: =SUM(Tableau2[[#This Row],[2022]:[2050]]) -> 48.26957
A71: Solar PV | B71: PSC | C71: Lead | D71: APS | E71: 1.16354 | F71: =(($H71-$E71)/($H$1-$E$1))*(F$1-$E$1)+$E71 -> 1.3040167 | G71: =(($H71-$E71)/($H$1-$E$1))*(G$1-$E$1)+$E71 -> 1.4444933 | H71: 1.58497 | I71: =(($M71-$H71)/($M$1-$H$1))*(I$1-$H$1)+$H71 -> 1.683654 | J71: =(($M71-$H71)/($M$1-$H$1))*(J$1-$H$1)+$H71 -> 1.782338 | K71: =(($M71-$H71)/($M$1-$H$1))*(K$1-$H$1)+$H71 -> 1.881022 | L71: =(($M71-$H71)/($M$1-$H$1))*(L$1-$H$1)+$H71 -> 1.979706 | M71: 2.07839 | N71: =(($R71-$M71)/($R$1-$M$1))*(N$1-$M$1)+$M71 -> 2.146498 | O71: =(($R71-$M71)/($R$1-$M$1))*(O$1-$M$1)+$M71 -> 2.214606 | P71: =(($R71-$M71)/($R$1-$M$1))*(P$1-$M$1)+$M71 -> 2.282714 | Q71: =(($R71-$M71)/($R$1-$M$1))*(Q$1-$M$1)+$M71 -> 2.350822 | R71: 2.41893 | S71: =(($W71-$R71)/($W$1-$R$1))*(S$1-$R$1)+$R71 -> 2.42971 | T71: =(($W71-$R71)/($W$1-$R$1))*(T$1-$R$1)+$R71 -> 2.44049 | U71: =(($W71-$R71)/($W$1-$R$1))*(U$1-$R$1)+$R71 -> 2.45127 | V71: =(($W71-$R71)/($W$1-$R$1))*(V$1-$R$1)+$R71 -> 2.46205 | W71: 2.47283 | X71: =(($AB71-$W71)/($AB$1-$W$1))*(X$1-$W$1)+$W71 -> 2.553524 | Y71: =(($AB71-$W71)/($AB$1-$W$1))*(Y$1-$W$1)+$W71 -> 2.634218 | Z71: =(($AB71-$W71)/($AB$1-$W$1))*(Z$1-$W$1)+$W71 -> 2.714912 | AA71: =(($AB71-$W71)/($AB$1-$W$1))*(AA$1-$W$1)+$W71 -> 2.795606 | AB71: 2.8763 | AC71: =(($AG71-$AB71)/($AG$1-$AB$1))*(AC$1-$AB$1)+$AB71 -> 2.941724 | AD71: =(($AG71-$AB71)/($AG$1-$AB$1))*(AD$1-$AB$1)+$AB71 -> 3.007148 | AE71: =(($AG71-$AB71)/($AG$1-$AB$1))*(AE$1-$AB$1)+$AB71 -> 3.072572 | AF71: =(($AG71-$AB71)/($AG$1-$AB$1))*(AF$1-$AB$1)+$AB71 -> 3.137996 | AG71: 3.20342 | AH71: =SUM(Tableau2[[#This Row],[2022]:[2050]]) -> 67.50947
A72: Solar PV | B72: PSC | C72: Lead | D72: NZE | E72: 1.16354 | F72: =(($H72-$E72)/($H$1-$E$1))*(F$1-$E$1)+$E72 -> 1.5153633 | G72: =(($H72-$E72)/($H$1-$E$1))*(G$1-$E$1)+$E72 -> 1.8671867 | H72: 2.21901 | I72: =(($M72-$H72)/($M$1-$H$1))*(I$1-$H$1)+$H72 -> 2.498122 | J72: =(($M72-$H72)/($M$1-$H$1))*(J$1-$H$1)+$H72 -> 2.777234 | K72: =(($M72-$H72)/($M$1-$H$1))*(K$1-$H$1)+$H72 -> 3.056346 | L72: =(($M72-$H72)/($M$1-$H$1))*(L$1-$H$1)+$H72 -> 3.335458 | M72: 3.61457 | N72: =(($R72-$M72)/($R$1-$M$1))*(N$1-$M$1)+$M72 -> 3.631646 | O72: =(($R72-$M72)/($R$1-$M$1))*(O$1-$M$1)+$M72 -> 3.648722 | P72: =(($R72-$M72)/($R$1-$M$1))*(P$1-$M$1)+$M72 -> 3.665798 | Q72: =(($R72-$M72)/($R$1-$M$1))*(Q$1-$M$1)+$M72 -> 3.682874 | R72: 3.69995 | S72: =(($W72-$R72)/($W$1-$R$1))*(S$1-$R$1)+$R72 -> 3.685944 | T72: =(($W72-$R72)/($W$1-$R$1))*(T$1-$R$1)+$R72 -> 3.671938 | U72: =(($W72-$R72)/($W$1-$R$1))*(U$1-$R$1)+$R72 -> 3.657932 | V72: =(($W72-$R72)/($W$1-$R$1))*(V$1-$R$1)+$R72 -> 3.643926 | W72: 3.62992 | X72: =(($AB72-$W72)/($AB$1-$W$1))*(X$1-$W$1)+$W72 -> 3.493932 | Y72: =(($AB72-$W72)/($AB$1-$W$1))*(Y$1-$W$1)+$W72 -> 3.357944 | Z72: =(($AB72-$W72)/($AB$1-$W$1))*(Z$1-$W$1)+$W72 -> 3.221956 | AA72: =(($AB72-$W72)/($AB$1-$W$1))*(AA$1-$W$1)+$W72 -> 3.085968 | AB72: 2.94998 | AC72: =(($AG72-$AB72)/($AG$1-$AB$1))*(AC$1-$AB$1)+$AB72 -> 3.019608 | AD72: =(($AG72-$AB72)/($AG$1-$AB$1))*(AD$1-$AB$1)+$AB72 -> 3.089236 | AE72: =(($AG72-$AB72)/($AG$1-$AB$1))*(AE$1-$AB$1)+$AB72 -> 3.158864 | AF72: =(($AG72-$AB72)/($AG$1-$AB$1))*(AF$1-$AB$1)+$AB72 -> 3.228492 | AG72: 3.29812 | AH72: =SUM(Tableau2[[#This Row],[2022]:[2050]]) -> 90.56958
A73: Battery Storage | B73: Battery | C73: Lithium | D73: SPS | E73: 3.43536 | F73: =(($H73-$E73)/($H$1-$E$1))*(F$1-$E$1)+$E73 -> 4.17829 | G73: =(($H73-$E73)/($H$1-$E$1))*(G$1-$E$1)+$E73 -> 4.92122 | H73: 5.66415 | I73: =(($M73-$H73)/($M$1-$H$1))*(I$1-$H$1)+$H73 -> 6.894 | J73: =(($M73-$H73)/($M$1-$H$1))*(J$1-$H$1)+$H73 -> 8.12385 | K73: =(($M73-$H73)/($M$1-$H$1))*(K$1-$H$1)+$H73 -> 9.3537 | L73: =(($M73-$H73)/($M$1-$H$1))*(L$1-$H$1)+$H73 -> 10.58355 | M73: 11.8134 | N73: =(($R73-$M73)/($R$1-$M$1))*(N$1-$M$1)+$M73 -> 13.51452 | O73: =(($R73-$M73)/($R$1-$M$1))*(O$1-$M$1)+$M73 -> 15.21564 | P73: =(($R73-$M73)/($R$1-$M$1))*(P$1-$M$1)+$M73 -> 16.91676 | Q73: =(($R73-$M73)/($R$1-$M$1))*(Q$1-$M$1)+$M73 -> 18.61788 | R73: 20.319 | S73: =(($W73-$R73)/($W$1-$R$1))*(S$1-$R$1)+$R73 -> 21.63882 | T73: =(($W73-$R73)/($W$1-$R$1))*(T$1-$R$1)+$R73 -> 22.95864 | U73: =(($W73-$R73)/($W$1-$R$1))*(U$1-$R$1)+$R73 -> 24.27846 | V73: =(($W73-$R73)/($W$1-$R$1))*(V$1-$R$1)+$R73 -> 25.59828 | W73: 26.9181 | X73: =(($AB73-$W73)/($AB$1-$W$1))*(X$1-$W$1)+$W73 -> 27.0574 | Y73: =(($AB73-$W73)/($AB$1-$W$1))*(Y$1-$W$1)+$W73 -> 27.1967 | Z73: =(($AB73-$W73)/($AB$1-$W$1))*(Z$1-$W$1)+$W73 -> 27.336 | AA73: =(($AB73-$W73)/($AB$1-$W$1))*(AA$1-$W$1)+$W73 -> 27.4753 | AB73: 27.6146 | AC73: =(($AG73-$AB73)/($AG$1-$AB$1))*(AC$1-$AB$1)+$AB73 -> 27.01046 | AD73: =(($AG73-$AB73)/($AG$1-$AB$1))*(AD$1-$AB$1)+$AB73 -> 26.40632 | AE73: =(($AG73-$AB73)/($AG$1-$AB$1))*(AE$1-$AB$1)+$AB73 -> 25.80218 | AF73: =(($AG73-$AB73)/($AG$1-$AB$1))*(AF$1-$AB$1)+$AB73 -> 25.19804 | AG73: 24.5939 | AH73: =SUM(Tableau2[[#This Row],[2022]:[2050]]) -> 536.63452
A74: Battery Storage | B74: Battery | C74: Lithium | D74: APS | E74: 3.43536 | F74: =(($H74-$E74)/($H$1-$E$1))*(F$1-$E$1)+$E74 -> 4.8518233 | G74: =(($H74-$E74)/($H$1-$E$1))*(G$1-$E$1)+$E74 -> 6.2682867 | H74: 7.68475 | I74: =(($M74-$H74)/($M$1-$H$1))*(I$1-$H$1)+$H74 -> 9.84808 | J74: =(($M74-$H74)/($M$1-$H$1))*(J$1-$H$1)+$H74 -> 12.01141 | K74: =(($M74-$H74)/($M$1-$H$1))*(K$1-$H$1)+$H74 -> 14.17474 | L74: =(($M74-$H74)/($M$1-$H$1))*(L$1-$H$1)+$H74 -> 16.33807 | M74: 18.5014 | N74: =(($R74-$M74)/($R$1-$M$1))*(N$1-$M$1)+$M74 -> 20.89562 | O74: =(($R74-$M74)/($R$1-$M$1))*(O$1-$M$1)+$M74 -> 23.28984 | P74: =(($R74-$M74)/($R$1-$M$1))*(P$1-$M$1)+$M74 -> 25.68406 | Q74: =(($R74-$M74)/($R$1-$M$1))*(Q$1-$M$1)+$M74 -> 28.07828 | R74: 30.4725 | S74: =(($W74-$R74)/($W$1-$R$1))*(S$1-$R$1)+$R74 -> 33.35618 | T74: =(($W74-$R74)/($W$1-$R$1))*(T$1-$R$1)+$R74 -> 36.23986 | U74: =(($W74-$R74)/($W$1-$R$1))*(U$1-$R$1)+$R74 -> 39.12354 | V74: =(($W74-$R74)/($W$1-$R$1))*(V$1-$R$1)+$R74 -> 42.00722 | W74: 44.8909 | X74: =(($AB74-$W74)/($AB$1-$W$1))*(X$1-$W$1)+$W74 -> 45.46778 | Y74: =(($AB74-$W74)/($AB$1-$W$1))*(Y$1-$W$1)+$W74 -> 46.04466 | Z74: =(($AB74-$W74)/($AB$1-$W$1))*(Z$1-$W$1)+$W74 -> 46.62154 | AA74: =(($AB74-$W74)/($AB$1-$W$1))*(AA$1-$W$1)+$W74 -> 47.19842 | AB74: 47.7753 | AC74: =(($AG74-$AB74)/($AG$1-$AB$1))*(AC$1-$AB$1)+$AB74 -> 48.15536 | AD74: =(($AG74-$AB74)/($AG$1-$AB$1))*(AD$1-$AB$1)+$AB74 -> 48.53542 | AE74: =(($AG74-$AB74)/($AG$1-$AB$1))*(AE$1-$AB$1)+$AB74 -> 48.91548 | AF74: =(($AG74-$AB74)/($AG$1-$AB$1))*(AF$1-$AB$1)+$AB74 -> 49.29554 | AG74: 49.6756 | AH74: =SUM(Tableau2[[#This Row],[2022]:[2050]]) -> 894.83702
A75: EV | B75: Battery | C75: Lithium | D75: NZE | E75: 69.739 | F75: =(($H75-$E75)/($H$1-$E$1))*(F$1-$E$1)+$E75 -> 127.39367 | G75: =(($H75-$E75)/($H$1-$E$1))*(G$1-$E$1)+$E75 -> 185.04833 | H75: 242.703 | I75: =(($M75-$H75)/($M$1-$H$1))*(I$1-$H$1)+$H75 -> 312.4736 | J75: =(($M75-$H75)/($M$1-$H$1))*(J$1-$H$1)+$H75 -> 382.2442 | K75: =(($M75-$H75)/($M$1-$H$1))*(K$1-$H$1)+$H75 -> 452.0148 | L75: =(($M75-$H75)/($M$1-$H$1))*(L$1-$H$1)+$H75 -> 521.7854 | M75: 591.556 | N75: =(($R75-$M75)/($R$1-$M$1))*(N$1-$M$1)+$M75 -> 670.3322 | O75: =(($R75-$M75)/($R$1-$M$1))*(O$1-$M$1)+$M75 -> 749.1084 | P75: =(($R75-$M75)/($R$1-$M$1))*(P$1-$M$1)+$M75 -> 827.8846 | Q75: =(($R75-$M75)/($R$1-$M$1))*(Q$1-$M$1)+$M75 -> 906.6608 | R75: 985.437 | S75: =(($W75-$R75)/($W$1-$R$1))*(S$1-$R$1)+$R75 -> 1009.4596 | T75: =(($W75-$R75)/($W$1-$R$1))*(T$1-$R$1)+$R75 -> 1033.4822 | U75: =(($W75-$R75)/($W$1-$R$1))*(U$1-$R$1)+$R75 -> 1057.5048 | V75: =(($W75-$R75)/($W$1-$R$1))*(V$1-$R$1)+$R75 -> 1081.5274 | W75: 1105.55 | X75: =(($AB75-$W75)/($AB$1-$W$1))*(X$1-$W$1)+$W75 -> 1119.034 | Y75: =(($AB75-$W75)/($AB$1-$W$1))*(Y$1-$W$1)+$W75 -> 1132.518 | Z75: =(($AB75-$W75)/($AB$1-$W$1))*(Z$1-$W$1)+$W75 -> 1146.002 | AA75: =(($AB75-$W75)/($AB$1-$W$1))*(AA$1-$W$1)+$W75 -> 1159.486 | AB75: 1172.97 | AC75: =(($AG75-$AB75)/($AG$1-$AB$1))*(AC$1-$AB$1)+$AB75 -> 1159.178 | AD75: =(($AG75-$AB75)/($AG$1-$AB$1))*(AD$1-$AB$1)+$AB75 -> 1145.386 | AE75: =(($AG75-$AB75)/($AG$1-$AB$1))*(AE$1-$AB$1)+$AB75 -> 1131.594 | AF75: =(($AG75-$AB75)/($AG$1-$AB$1))*(AF$1-$AB$1)+$AB75 -> 1117.802 | AG75: 1104.01 | AH75: =SUM(Tableau2[[#This Row],[2022]:[2050]]) -> 23699.885
A76: EV | B76: Battery | C76: Lithium | D76: SPS | E76: 69.739 | F76: =(($H76-$E76)/($H$1-$E$1))*(F$1-$E$1)+$E76 -> 87.506 | G76: =(($H76-$E76)/($H$1-$E$1))*(G$1-$E$1)+$E76 -> 105.273 | H76: 123.04 | I76: =(($M76-$H76)/($M$1-$H$1))*(I$1-$H$1)+$H76 -> 144.0346 | J76: =(($M76-$H76)/($M$1-$H$1))*(J$1-$H$1)+$H76 -> 165.0292 | K76: =(($M76-$H76)/($M$1-$H$1))*(K$1-$H$1)+$H76 -> 186.0238 | L76: =(($M76-$H76)/($M$1-$H$1))*(L$1-$H$1)+$H76 -> 207.0184 | M76: 228.013 | N76: =(($R76-$M76)/($R$1-$M$1))*(N$1-$M$1)+$M76 -> 247.4812 | O76: =(($R76-$M76)/($R$1-$M$1))*(O$1-$M$1)+$M76 -> 266.9494 | P76: =(($R76-$M76)/($R$1-$M$1))*(P$1-$M$1)+$M76 -> 286.4176 | Q76: =(($R76-$M76)/($R$1-$M$1))*(Q$1-$M$1)+$M76 -> 305.8858 | R76: 325.354 | S76: =(($W76-$R76)/($W$1-$R$1))*(S$1-$R$1)+$R76 -> 346.9246 | T76: =(($W76-$R76)/($W$1-$R$1))*(T$1-$R$1)+$R76 -> 368.4952 | U76: =(($W76-$R76)/($W$1-$R$1))*(U$1-$R$1)+$R76 -> 390.0658 | V76: =(($W76-$R76)/($W$1-$R$1))*(V$1-$R$1)+$R76 -> 411.6364 | W76: 433.207 | X76: =(($AB76-$W76)/($AB$1-$W$1))*(X$1-$W$1)+$W76 -> 444.737 | Y76: =(($AB76-$W76)/($AB$1-$W$1))*(Y$1-$W$1)+$W76 -> 456.267 | Z76: =(($AB76-$W76)/($AB$1-$W$1))*(Z$1-$W$1)+$W76 -> 467.797 | AA76: =(($AB76-$W76)/($AB$1-$W$1))*(AA$1-$W$1)+$W76 -> 479.327 | AB76: 490.857 | AC76: =(($AG76-$AB76)/($AG$1-$AB$1))*(AC$1-$AB$1)+$AB76 -> 485.854 | AD76: =(($AG76-$AB76)/($AG$1-$AB$1))*(AD$1-$AB$1)+$AB76 -> 480.851 | AE76: =(($AG76-$AB76)/($AG$1-$AB$1))*(AE$1-$AB$1)+$AB76 -> 475.848 | AF76: =(($AG76-$AB76)/($AG$1-$AB$1))*(AF$1-$AB$1)+$AB76 -> 470.845 | AG76: 465.842 | AH76: =SUM(Tableau2[[#This Row],[2022]:[2050]]) -> 9416.319
A77: EV | B77: Battery | C77: Lithium | D77: APS | E77: 69.739 | F77: =(($H77-$E77)/($H$1-$E$1))*(F$1-$E$1)+$E77 -> 94.913333 | G77: =(($H77-$E77)/($H$1-$E$1))*(G$1-$E$1)+$E77 -> 120.08767 | H77: 145.262 | I77: =(($M77-$H77)/($M$1-$H$1))*(I$1-$H$1)+$H77 -> 186.1036 | J77: =(($M77-$H77)/($M$1-$H$1))*(J$1-$H$1)+$H77 -> 226.9452 | K77: =(($M77-$H77)/($M$1-$H$1))*(K$1-$H$1)+$H77 -> 267.7868 | L77: =(($M77-$H77)/($M$1-$H$1))*(L$1-$H$1)+$H77 -> 308.6284 | M77: 349.47 | N77: =(($R77-$M77)/($R$1-$M$1))*(N$1-$M$1)+$M77 -> 413.8308 | O77: =(($R77-$M77)/($R$1-$M$1))*(O$1-$M$1)+$M77 -> 478.1916 | P77: =(($R77-$M77)/($R$1-$M$1))*(P$1-$M$1)+$M77 -> 542.5524 | Q77: =(($R77-$M77)/($R$1-$M$1))*(Q$1-$M$1)+$M77 -> 606.9132 | R77: 671.274 | S77: =(($W77-$R77)/($W$1-$R$1))*(S$1-$R$1)+$R77 -> 718.4294 | T77: =(($W77-$R77)/($W$1-$R$1))*(T$1-$R$1)+$R77 -> 765.5848 | U77: =(($W77-$R77)/($W$1-$R$1))*(U$1-$R$1)+$R77 -> 812.7402 | V77: =(($W77-$R77)/($W$1-$R$1))*(V$1-$R$1)+$R77 -> 859.8956 | W77: 907.051 | X77: =(($AB77-$W77)/($AB$1-$W$1))*(X$1-$W$1)+$W77 -> 926.7748 | Y77: =(($AB77-$W77)/($AB$1-$W$1))*(Y$1-$W$1)+$W77 -> 946.4986 | Z77: =(($AB77-$W77)/($AB$1-$W$1))*(Z$1-$W$1)+$W77 -> 966.2224 | AA77: =(($AB77-$W77)/($AB$1-$W$1))*(AA$1-$W$1)+$W77 -> 985.9462 | AB77: 1005.67 | AC77: =(($AG77-$AB77)/($AG$1-$AB$1))*(AC$1-$AB$1)+$AB77 -> 1012.434 | AD77: =(($AG77-$AB77)/($AG$1-$AB$1))*(AD$1-$AB$1)+$AB77 -> 1019.198 | AE77: =(($AG77-$AB77)/($AG$1-$AB$1))*(AE$1-$AB$1)+$AB77 -> 1025.962 | AF77: =(($AG77-$AB77)/($AG$1-$AB$1))*(AF$1-$AB$1)+$AB77 -> 1032.726 | AG77: 1039.49 | AH77: =SUM(Tableau2[[#This Row],[2022]:[2050]]) -> 18506.321
A78: Battery Storage | B78: Battery | C78: Lithium | D78: NZE | E78: 3.43536 | F78: =(($H78-$E78)/($H$1-$E$1))*(F$1-$E$1)+$E78 -> 6.0961733 | G78: =(($H78-$E78)/($H$1-$E$1))*(G$1-$E$1)+$E78 -> 8.7569867 | H78: 11.4178 | I78: =(($M78-$H78)/($M$1-$H$1))*(I$1-$H$1)+$H78 -> 16.50696 | J78: =(($M78-$H78)/($M$1-$H$1))*(J$1-$H$1)+$H78 -> 21.59612 | K78: =(($M78-$H78)/($M$1-$H$1))*(K$1-$H$1)+$H78 -> 26.68528 | L78: =(($M78-$H78)/($M$1-$H$1))*(L$1-$H$1)+$H78 -> 31.77444 | M78: 36.8636 | N78: =(($R78-$M78)/($R$1-$M$1))*(N$1-$M$1)+$M78 -> 41.15568 | O78: =(($R78-$M78)/($R$1-$M$1))*(O$1-$M$1)+$M78 -> 45.44776 | P78: =(($R78-$M78)/($R$1-$M$1))*(P$1-$M$1)+$M78 -> 49.73984 | Q78: =(($R78-$M78)/($R$1-$M$1))*(Q$1-$M$1)+$M78 -> 54.03192 | R78: 58.324 | S78: =(($W78-$R78)/($W$1-$R$1))*(S$1-$R$1)+$R78 -> 63.03846 | T78: =(($W78-$R78)/($W$1-$R$1))*(T$1-$R$1)+$R78 -> 67.75292 | U78: =(($W78-$R78)/($W$1-$R$1))*(U$1-$R$1)+$R78 -> 72.46738 | V78: =(($W78-$R78)/($W$1-$R$1))*(V$1-$R$1)+$R78 -> 77.18184 | W78: 81.8963 | X78: =(($AB78-$W78)/($AB$1-$W$1))*(X$1-$W$1)+$W78 -> 82.51144 | Y78: =(($AB78-$W78)/($AB$1-$W$1))*(Y$1-$W$1)+$W78 -> 83.12658 | Z78: =(($AB78-$W78)/($AB$1-$W$1))*(Z$1-$W$1)+$W78 -> 83.74172 | AA78: =(($AB78-$W78)/($AB$1-$W$1))*(AA$1-$W$1)+$W78 -> 84.35686 | AB78: 84.972 | AC78: =(($AG78-$AB78)/($AG$1-$AB$1))*(AC$1-$AB$1)+$AB78 -> 82.86796 | AD78: =(($AG78-$AB78)/($AG$1-$AB$1))*(AD$1-$AB$1)+$AB78 -> 80.76392 | AE78: =(($AG78-$AB78)/($AG$1-$AB$1))*(AE$1-$AB$1)+$AB78 -> 78.65988 | AF78: =(($AG78-$AB78)/($AG$1-$AB$1))*(AF$1-$AB$1)+$AB78 -> 76.55584 | AG78: 74.4518 | AH78: =SUM(Tableau2[[#This Row],[2022]:[2050]]) -> 1586.1768
A79: Battery Storage | B79: Battery | C79: Manganese | D79: SPS | E79: 3.22731 | F79: =(($H79-$E79)/($H$1-$E$1))*(F$1-$E$1)+$E79 -> 3.1604667 | G79: =(($H79-$E79)/($H$1-$E$1))*(G$1-$E$1)+$E79 -> 3.0936233 | H79: 3.02678 | I79: =(($M79-$H79)/($M$1-$H$1))*(I$1-$H$1)+$H79 -> 3.445496 | J79: =(($M79-$H79)/($M$1-$H$1))*(J$1-$H$1)+$H79 -> 3.864212 | K79: =(($M79-$H79)/($M$1-$H$1))*(K$1-$H$1)+$H79 -> 4.282928 | L79: =(($M79-$H79)/($M$1-$H$1))*(L$1-$H$1)+$H79 -> 4.701644 | M79: 5.12036 | N79: =(($R79-$M79)/($R$1-$M$1))*(N$1-$M$1)+$M79 -> 5.111466 | O79: =(($R79-$M79)/($R$1-$M$1))*(O$1-$M$1)+$M79 -> 5.102572 | P79: =(($R79-$M79)/($R$1-$M$1))*(P$1-$M$1)+$M79 -> 5.093678 | Q79: =(($R79-$M79)/($R$1-$M$1))*(Q$1-$M$1)+$M79 -> 5.084784 | R79: 5.07589 | S79: =(($W79-$R79)/($W$1-$R$1))*(S$1-$R$1)+$R79 -> 4.702182 | T79: =(($W79-$R79)/($W$1-$R$1))*(T$1-$R$1)+$R79 -> 4.328474 | U79: =(($W79-$R79)/($W$1-$R$1))*(U$1-$R$1)+$R79 -> 3.954766 | V79: =(($W79-$R79)/($W$1-$R$1))*(V$1-$R$1)+$R79 -> 3.581058 | W79: 3.20735 | X79: =(($AB79-$W79)/($AB$1-$W$1))*(X$1-$W$1)+$W79 -> 2.6378442 | Y79: =(($AB79-$W79)/($AB$1-$W$1))*(Y$1-$W$1)+$W79 -> 2.0683384 | Z79: =(($AB79-$W79)/($AB$1-$W$1))*(Z$1-$W$1)+$W79 -> 1.4988326 | AA79: =(($AB79-$W79)/($AB$1-$W$1))*(AA$1-$W$1)+$W79 -> 0.9293268 | AB79: 0.359821 | AC79: =(($AG79-$AB79)/($AG$1-$AB$1))*(AC$1-$AB$1)+$AB79 -> 0.2878568 | AD79: =(($AG79-$AB79)/($AG$1-$AB$1))*(AD$1-$AB$1)+$AB79 -> 0.2158926 | AE79: =(($AG79-$AB79)/($AG$1-$AB$1))*(AE$1-$AB$1)+$AB79 -> 0.1439284 | AF79: =(($AG79-$AB79)/($AG$1-$AB$1))*(AF$1-$AB$1)+$AB79 -> 0.0719642 | AG79: 0 | AH79: =SUM(Tableau2[[#This Row],[2022]:[2050]]) -> 87.378845
A80: Battery Storage | B80: Battery | C80: Manganese | D80: APS | E80: 3.22731 | F80: =(($H80-$E80)/($H$1-$E$1))*(F$1-$E$1)+$E80 -> 3.5203867 | G80: =(($H80-$E80)/($H$1-$E$1))*(G$1-$E$1)+$E80 -> 3.8134633 | H80: 4.10654 | I80: =(($M80-$H80)/($M$1-$H$1))*(I$1-$H$1)+$H80 -> 4.889062 | J80: =(($M80-$H80)/($M$1-$H$1))*(J$1-$H$1)+$H80 -> 5.671584 | K80: =(($M80-$H80)/($M$1-$H$1))*(K$1-$H$1)+$H80 -> 6.454106 | L80: =(($M80-$H80)/($M$1-$H$1))*(L$1-$H$1)+$H80 -> 7.236628 | M80: 8.01915 | N80: =(($R80-$M80)/($R$1-$M$1))*(N$1-$M$1)+$M80 -> 7.937788 | O80: =(($R80-$M80)/($R$1-$M$1))*(O$1-$M$1)+$M80 -> 7.856426 | P80: =(($R80-$M80)/($R$1-$M$1))*(P$1-$M$1)+$M80 -> 7.775064 | Q80: =(($R80-$M80)/($R$1-$M$1))*(Q$1-$M$1)+$M80 -> 7.693702 | R80: 7.61234 | S80: =(($W80-$R80)/($W$1-$R$1))*(S$1-$R$1)+$R80 -> 7.159644 | T80: =(($W80-$R80)/($W$1-$R$1))*(T$1-$R$1)+$R80 -> 6.706948 | U80: =(($W80-$R80)/($W$1-$R$1))*(U$1-$R$1)+$R80 -> 6.254252 | V80: =(($W80-$R80)/($W$1-$R$1))*(V$1-$R$1)+$R80 -> 5.801556 | W80: 5.34886 | X80: =(($AB80-$W80)/($AB$1-$W$1))*(X$1-$W$1)+$W80 -> 4.4035912 | Y80: =(($AB80-$W80)/($AB$1-$W$1))*(Y$1-$W$1)+$W80 -> 3.4583224 | Z80: =(($AB80-$W80)/($AB$1-$W$1))*(Z$1-$W$1)+$W80 -> 2.5130536 | AA80: =(($AB80-$W80)/($AB$1-$W$1))*(AA$1-$W$1)+$W80 -> 1.5677848 | AB80: 0.622516 | AC80: =(($AG80-$AB80)/($AG$1-$AB$1))*(AC$1-$AB$1)+$AB80 -> 0.4980128 | AD80: =(($AG80-$AB80)/($AG$1-$AB$1))*(AD$1-$AB$1)+$AB80 -> 0.3735096 | AE80: =(($AG80-$AB80)/($AG$1-$AB$1))*(AE$1-$AB$1)+$AB80 -> 0.2490064 | AF80: =(($AG80-$AB80)/($AG$1-$AB$1))*(AF$1-$AB$1)+$AB80 -> 0.1245032 | AG80: 0 | AH80: =SUM(Tableau2[[#This Row],[2022]:[2050]]) -> 130.89511
A81: Wind | B81: Steel | C81: Manganese | D81: NZE | E81: 79.9953 | F81: =(($H81-$E81)/($H$1-$E$1))*(F$1-$E$1)+$E81 -> 101.4642 | G81: =(($H81-$E81)/($H$1-$E$1))*(G$1-$E$1)+$E81 -> 122.9331 | H81: 144.402 | I81: =(($M81-$H81)/($M$1-$H$1))*(I$1-$H$1)+$H81 -> 177.0716 | J81: =(($M81-$H81)/($M$1-$H$1))*(J$1-$H$1)+$H81 -> 209.7412 | K81: =(($M81-$H81)/($M$1-$H$1))*(K$1-$H$1)+$H81 -> 242.4108 | L81: =(($M81-$H81)/($M$1-$H$1))*(L$1-$H$1)+$H81 -> 275.0804 | M81: 307.75 | N81: =(($R81-$M81)/($R$1-$M$1))*(N$1-$M$1)+$M81 -> 304.169 | O81: =(($R81-$M81)/($R$1-$M$1))*(O$1-$M$1)+$M81 -> 300.588 | P81: =(($R81-$M81)/($R$1-$M$1))*(P$1-$M$1)+$M81 -> 297.007 | Q81: =(($R81-$M81)/($R$1-$M$1))*(Q$1-$M$1)+$M81 -> 293.426 | R81: 289.845 | S81: =(($W81-$R81)/($W$1-$R$1))*(S$1-$R$1)+$R81 -> 278.7588 | T81: =(($W81-$R81)/($W$1-$R$1))*(T$1-$R$1)+$R81 -> 267.6726 | U81: =(($W81-$R81)/($W$1-$R$1))*(U$1-$R$1)+$R81 -> 256.5864 | V81: =(($W81-$R81)/($W$1-$R$1))*(V$1-$R$1)+$R81 -> 245.5002 | W81: 234.414 | X81: =(($AB81-$W81)/($AB$1-$W$1))*(X$1-$W$1)+$W81 -> 220.1816 | Y81: =(($AB81-$W81)/($AB$1-$W$1))*(Y$1-$W$1)+$W81 -> 205.9492 | Z81: =(($AB81-$W81)/($AB$1-$W$1))*(Z$1-$W$1)+$W81 -> 191.7168 | AA81: =(($AB81-$W81)/($AB$1-$W$1))*(AA$1-$W$1)+$W81 -> 177.4844 | AB81: 163.252 | AC81: =(($AG81-$AB81)/($AG$1-$AB$1))*(AC$1-$AB$1)+$AB81 -> 178.9794 | AD81: =(($AG81-$AB81)/($AG$1-$AB$1))*(AD$1-$AB$1)+$AB81 -> 194.7068 | AE81: =(($AG81-$AB81)/($AG$1-$AB$1))*(AE$1-$AB$1)+$AB81 -> 210.4342 | AF81: =(($AG81-$AB81)/($AG$1-$AB$1))*(AF$1-$AB$1)+$AB81 -> 226.1616 | AG81: 241.889 | AH81: =SUM(Tableau2[[#This Row],[2022]:[2050]]) -> 6439.5706
A82: EV | C82: Manganese | D82: APS | E82: 75.3696 | F82: =(($H82-$E82)/($H$1-$E$1))*(F$1-$E$1)+$E82 -> 72.806833 | G82: =(($H82-$E82)/($H$1-$E$1))*(G$1-$E$1)+$E82 -> 70.244067 | H82: 67.6813 | I82: =(($M82-$H82)/($M$1-$H$1))*(I$1-$H$1)+$H82 -> 100.43844 | J82: =(($M82-$H82)/($M$1-$H$1))*(J$1-$H$1)+$H82 -> 133.19558 | K82: =(($M82-$H82)/($M$1-$H$1))*(K$1-$H$1)+$H82 -> 165.95272 | L82: =(($M82-$H82)/($M$1-$H$1))*(L$1-$H$1)+$H82 -> 198.70986 | M82: 231.467 | N82: =(($R82-$M82)/($R$1-$M$1))*(N$1-$M$1)+$M82 -> 304.2048 | O82: =(($R82-$M82)/($R$1-$M$1))*(O$1-$M$1)+$M82 -> 376.9426 | P82: =(($R82-$M82)/($R$1-$M$1))*(P$1-$M$1)+$M82 -> 449.6804 | Q82: =(($R82-$M82)/($R$1-$M$1))*(Q$1-$M$1)+$M82 -> 522.4182 | R82: 595.156 | S82: =(($W82-$R82)/($W$1-$R$1))*(S$1-$R$1)+$R82 -> 681.7268 | T82: =(($W82-$R82)/($W$1-$R$1))*(T$1-$R$1)+$R82 -> 768.2976 | U82: =(($W82-$R82)/($W$1-$R$1))*(U$1-$R$1)+$R82 -> 854.8684 | V82: =(($W82-$R82)/($W$1-$R$1))*(V$1-$R$1)+$R82 -> 941.4392 | W82: 1028.01 | X82: =(($AB82-$W82)/($AB$1-$W$1))*(X$1-$W$1)+$W82 -> 1124.088 | Y82: =(($AB82-$W82)/($AB$1-$W$1))*(Y$1-$W$1)+$W82 -> 1220.166 | Z82: =(($AB82-$W82)/($AB$1-$W$1))*(Z$1-$W$1)+$W82 -> 1316.244 | AA82: =(($AB82-$W82)/($AB$1-$W$1))*(AA$1-$W$1)+$W82 -> 1412.322 | AB82: 1508.4 | AC82: =(($AG82-$AB82)/($AG$1-$AB$1))*(AC$1-$AB$1)+$AB82 -> 1606.186 | AD82: =(($AG82-$AB82)/($AG$1-$AB$1))*(AD$1-$AB$1)+$AB82 -> 1703.972 | AE82: =(($AG82-$AB82)/($AG$1-$AB$1))*(AE$1-$AB$1)+$AB82 -> 1801.758 | AF82: =(($AG82-$AB82)/($AG$1-$AB$1))*(AF$1-$AB$1)+$AB82 -> 1899.544 | AG82: 1997.33 | AH82: =SUM(Tableau2[[#This Row],[2022]:[2050]]) -> 23228.619
A83: EV | C83: Manganese | D83: SPS | E83: 75.3696 | F83: =(($H83-$E83)/($H$1-$E$1))*(F$1-$E$1)+$E83 -> 69.5437 | G83: =(($H83-$E83)/($H$1-$E$1))*(G$1-$E$1)+$E83 -> 63.7178 | H83: 57.8919 | I83: =(($M83-$H83)/($M$1-$H$1))*(I$1-$H$1)+$H83 -> 76.78492 | J83: =(($M83-$H83)/($M$1-$H$1))*(J$1-$H$1)+$H83 -> 95.67794 | K83: =(($M83-$H83)/($M$1-$H$1))*(K$1-$H$1)+$H83 -> 114.57096 | L83: =(($M83-$H83)/($M$1-$H$1))*(L$1-$H$1)+$H83 -> 133.46398 | M83: 152.357 | N83: =(($R83-$M83)/($R$1-$M$1))*(N$1-$M$1)+$M83 -> 181.4972 | O83: =(($R83-$M83)/($R$1-$M$1))*(O$1-$M$1)+$M83 -> 210.6374 | P83: =(($R83-$M83)/($R$1-$M$1))*(P$1-$M$1)+$M83 -> 239.7776 | Q83: =(($R83-$M83)/($R$1-$M$1))*(Q$1-$M$1)+$M83 -> 268.9178 | R83: 298.058 | S83: =(($W83-$R83)/($W$1-$R$1))*(S$1-$R$1)+$R83 -> 342.7406 | T83: =(($W83-$R83)/($W$1-$R$1))*(T$1-$R$1)+$R83 -> 387.4232 | U83: =(($W83-$R83)/($W$1-$R$1))*(U$1-$R$1)+$R83 -> 432.1058 | V83: =(($W83-$R83)/($W$1-$R$1))*(V$1-$R$1)+$R83 -> 476.7884 | W83: 521.471 | X83: =(($AB83-$W83)/($AB$1-$W$1))*(X$1-$W$1)+$W83 -> 577.4926 | Y83: =(($AB83-$W83)/($AB$1-$W$1))*(Y$1-$W$1)+$W83 -> 633.5142 | Z83: =(($AB83-$W83)/($AB$1-$W$1))*(Z$1-$W$1)+$W83 -> 689.5358 | AA83: =(($AB83-$W83)/($AB$1-$W$1))*(AA$1-$W$1)+$W83 -> 745.5574 | AB83: 801.579 | AC83: =(($AG83-$AB83)/($AG$1-$AB$1))*(AC$1-$AB$1)+$AB83 -> 840.052 | AD83: =(($AG83-$AB83)/($AG$1-$AB$1))*(AD$1-$AB$1)+$AB83 -> 878.525 | AE83: =(($AG83-$AB83)/($AG$1-$AB$1))*(AE$1-$AB$1)+$AB83 -> 916.998 | AF83: =(($AG83-$AB83)/($AG$1-$AB$1))*(AF$1-$AB$1)+$AB83 -> 955.471 | AG83: 993.944 | AH83: =SUM(Tableau2[[#This Row],[2022]:[2050]]) -> 12231.464
A84: EV | B84: Battery | C84: Manganese | D84: NZE | E84: 75.3696 | F84: =(($H84-$E84)/($H$1-$E$1))*(F$1-$E$1)+$E84 -> 87.880733 | G84: =(($H84-$E84)/($H$1-$E$1))*(G$1-$E$1)+$E84 -> 100.39187 | H84: 112.903 | I84: =(($M84-$H84)/($M$1-$H$1))*(I$1-$H$1)+$H84 -> 165.9088 | J84: =(($M84-$H84)/($M$1-$H$1))*(J$1-$H$1)+$H84 -> 218.9146 | K84: =(($M84-$H84)/($M$1-$H$1))*(K$1-$H$1)+$H84 -> 271.9204 | L84: =(($M84-$H84)/($M$1-$H$1))*(L$1-$H$1)+$H84 -> 324.9262 | M84: 377.932 | N84: =(($R84-$M84)/($R$1-$M$1))*(N$1-$M$1)+$M84 -> 465.6226 | O84: =(($R84-$M84)/($R$1-$M$1))*(O$1-$M$1)+$M84 -> 553.3132 | P84: =(($R84-$M84)/($R$1-$M$1))*(P$1-$M$1)+$M84 -> 641.0038 | Q84: =(($R84-$M84)/($R$1-$M$1))*(Q$1-$M$1)+$M84 -> 728.6944 | R84: 816.385 | S84: =(($W84-$R84)/($W$1-$R$1))*(S$1-$R$1)+$R84 -> 878.334 | T84: =(($W84-$R84)/($W$1-$R$1))*(T$1-$R$1)+$R84 -> 940.283 | U84: =(($W84-$R84)/($W$1-$R$1))*(U$1-$R$1)+$R84 -> 1002.232 | V84: =(($W84-$R84)/($W$1-$R$1))*(V$1-$R$1)+$R84 -> 1064.181 | W84: 1126.13 | X84: =(($AB84-$W84)/($AB$1-$W$1))*(X$1-$W$1)+$W84 -> 1214.128 | Y84: =(($AB84-$W84)/($AB$1-$W$1))*(Y$1-$W$1)+$W84 -> 1302.126 | Z84: =(($AB84-$W84)/($AB$1-$W$1))*(Z$1-$W$1)+$W84 -> 1390.124 | AA84: =(($AB84-$W84)/($AB$1-$W$1))*(AA$1-$W$1)+$W84 -> 1478.122 | AB84: 1566.12 | AC84: =(($AG84-$AB84)/($AG$1-$AB$1))*(AC$1-$AB$1)+$AB84 -> 1638.242 | AD84: =(($AG84-$AB84)/($AG$1-$AB$1))*(AD$1-$AB$1)+$AB84 -> 1710.364 | AE84: =(($AG84-$AB84)/($AG$1-$AB$1))*(AE$1-$AB$1)+$AB84 -> 1782.486 | AF84: =(($AG84-$AB84)/($AG$1-$AB$1))*(AF$1-$AB$1)+$AB84 -> 1854.608 | AG84: 1926.73 | AH84: =SUM(Tableau2[[#This Row],[2022]:[2050]]) -> 25815.376
A85: Wind | B85: Steel | C85: Manganese | D85: SPS | E85: 79.9953 | F85: =(($H85-$E85)/($H$1-$E$1))*(F$1-$E$1)+$E85 -> 82.014 | G85: =(($H85-$E85)/($H$1-$E$1))*(G$1-$E$1)+$E85 -> 84.0327 | H85: 86.0514 | I85: =(($M85-$H85)/($M$1-$H$1))*(I$1-$H$1)+$H85 -> 91.67332 | J85: =(($M85-$H85)/($M$1-$H$1))*(J$1-$H$1)+$H85 -> 97.29524 | K85: =(($M85-$H85)/($M$1-$H$1))*(K$1-$H$1)+$H85 -> 102.91716 | L85: =(($M85-$H85)/($M$1-$H$1))*(L$1-$H$1)+$H85 -> 108.53908 | M85: 114.161 | N85: =(($R85-$M85)/($R$1-$M$1))*(N$1-$M$1)+$M85 -> 113.533 | O85: =(($R85-$M85)/($R$1-$M$1))*(O$1-$M$1)+$M85 -> 112.905 | P85: =(($R85-$M85)/($R$1-$M$1))*(P$1-$M$1)+$M85 -> 112.277 | Q85: =(($R85-$M85)/($R$1-$M$1))*(Q$1-$M$1)+$M85 -> 111.649 | R85: 111.021 | S85: =(($W85-$R85)/($W$1-$R$1))*(S$1-$R$1)+$R85 -> 109.4746 | T85: =(($W85-$R85)/($W$1-$R$1))*(T$1-$R$1)+$R85 -> 107.9282 | U85: =(($W85-$R85)/($W$1-$R$1))*(U$1-$R$1)+$R85 -> 106.3818 | V85: =(($W85-$R85)/($W$1-$R$1))*(V$1-$R$1)+$R85 -> 104.8354 | W85: 103.289 | X85: =(($AB85-$W85)/($AB$1-$W$1))*(X$1-$W$1)+$W85 -> 108.123 | Y85: =(($AB85-$W85)/($AB$1-$W$1))*(Y$1-$W$1)+$W85 -> 112.957 | Z85: =(($AB85-$W85)/($AB$1-$W$1))*(Z$1-$W$1)+$W85 -> 117.791 | AA85: =(($AB85-$W85)/($AB$1-$W$1))*(AA$1-$W$1)+$W85 -> 122.625 | AB85: 127.459 | AC85: =(($AG85-$AB85)/($AG$1-$AB$1))*(AC$1-$AB$1)+$AB85 -> 130.1246 | AD85: =(($AG85-$AB85)/($AG$1-$AB$1))*(AD$1-$AB$1)+$AB85 -> 132.7902 | AE85: =(($AG85-$AB85)/($AG$1-$AB$1))*(AE$1-$AB$1)+$AB85 -> 135.4558 | AF85: =(($AG85-$AB85)/($AG$1-$AB$1))*(AF$1-$AB$1)+$AB85 -> 138.1214 | AG85: 140.787 | AH85: =SUM(Tableau2[[#This Row],[2022]:[2050]]) -> 3206.2072
A86: Battery Storage | B86: Battery | C86: Manganese | D86: NZE | E86: 3.22731 | F86: =(($H86-$E86)/($H$1-$E$1))*(F$1-$E$1)+$E86 -> 4.1853367 | G86: =(($H86-$E86)/($H$1-$E$1))*(G$1-$E$1)+$E86 -> 5.1433633 | H86: 6.10139 | I86: =(($M86-$H86)/($M$1-$H$1))*(I$1-$H$1)+$H86 -> 8.076712 | J86: =(($M86-$H86)/($M$1-$H$1))*(J$1-$H$1)+$H86 -> 10.052034 | K86: =(($M86-$H86)/($M$1-$H$1))*(K$1-$H$1)+$H86 -> 12.027356 | L86: =(($M86-$H86)/($M$1-$H$1))*(L$1-$H$1)+$H86 -> 14.002678 | M86: 15.978 | N86: =(($R86-$M86)/($R$1-$M$1))*(N$1-$M$1)+$M86 -> 15.6964 | O86: =(($R86-$M86)/($R$1-$M$1))*(O$1-$M$1)+$M86 -> 15.4148 | P86: =(($R86-$M86)/($R$1-$M$1))*(P$1-$M$1)+$M86 -> 15.1332 | Q86: =(($R86-$M86)/($R$1-$M$1))*(Q$1-$M$1)+$M86 -> 14.8516 | R86: 14.57 | S86: =(($W86-$R86)/($W$1-$R$1))*(S$1-$R$1)+$R86 -> 13.607628 | T86: =(($W86-$R86)/($W$1-$R$1))*(T$1-$R$1)+$R86 -> 12.645256 | U86: =(($W86-$R86)/($W$1-$R$1))*(U$1-$R$1)+$R86 -> 11.682884 | V86: =(($W86-$R86)/($W$1-$R$1))*(V$1-$R$1)+$R86 -> 10.720512 | W86: 9.75814 | X86: =(($AB86-$W86)/($AB$1-$W$1))*(X$1-$W$1)+$W86 -> 8.02795 | Y86: =(($AB86-$W86)/($AB$1-$W$1))*(Y$1-$W$1)+$W86 -> 6.29776 | Z86: =(($AB86-$W86)/($AB$1-$W$1))*(Z$1-$W$1)+$W86 -> 4.56757 | AA86: =(($AB86-$W86)/($AB$1-$W$1))*(AA$1-$W$1)+$W86 -> 2.83738 | AB86: 1.10719 | AC86: =(($AG86-$AB86)/($AG$1-$AB$1))*(AC$1-$AB$1)+$AB86 -> 0.885752 | AD86: =(($AG86-$AB86)/($AG$1-$AB$1))*(AD$1-$AB$1)+$AB86 -> 0.664314 | AE86: =(($AG86-$AB86)/($AG$1-$AB$1))*(AE$1-$AB$1)+$AB86 -> 0.442876 | AF86: =(($AG86-$AB86)/($AG$1-$AB$1))*(AF$1-$AB$1)+$AB86 -> 0.221438 | AG86: 0 | AH86: =SUM(Tableau2[[#This Row],[2022]:[2050]]) -> 237.92683
A87: Wind | B87: Steel | C87: Manganese | D87: APS | E87: 79.9953 | F87: =(($H87-$E87)/($H$1-$E$1))*(F$1-$E$1)+$E87 -> 89.0952 | G87: =(($H87-$E87)/($H$1-$E$1))*(G$1-$E$1)+$E87 -> 98.1951 | H87: 107.295 | I87: =(($M87-$H87)/($M$1-$H$1))*(I$1-$H$1)+$H87 -> 118.4364 | J87: =(($M87-$H87)/($M$1-$H$1))*(J$1-$H$1)+$H87 -> 129.5778 | K87: =(($M87-$H87)/($M$1-$H$1))*(K$1-$H$1)+$H87 -> 140.7192 | L87: =(($M87-$H87)/($M$1-$H$1))*(L$1-$H$1)+$H87 -> 151.8606 | M87: 163.002 | N87: =(($R87-$M87)/($R$1-$M$1))*(N$1-$M$1)+$M87 -> 166.7748 | O87: =(($R87-$M87)/($R$1-$M$1))*(O$1-$M$1)+$M87 -> 170.5476 | P87: =(($R87-$M87)/($R$1-$M$1))*(P$1-$M$1)+$M87 -> 174.3204 | Q87: =(($R87-$M87)/($R$1-$M$1))*(Q$1-$M$1)+$M87 -> 178.0932 | R87: 181.866 | S87: =(($W87-$R87)/($W$1-$R$1))*(S$1-$R$1)+$R87 -> 182.6062 | T87: =(($W87-$R87)/($W$1-$R$1))*(T$1-$R$1)+$R87 -> 183.3464 | U87: =(($W87-$R87)/($W$1-$R$1))*(U$1-$R$1)+$R87 -> 184.0866 | V87: =(($W87-$R87)/($W$1-$R$1))*(V$1-$R$1)+$R87 -> 184.8268 | W87: 185.567 | X87: =(($AB87-$W87)/($AB$1-$W$1))*(X$1-$W$1)+$W87 -> 185.2888 | Y87: =(($AB87-$W87)/($AB$1-$W$1))*(Y$1-$W$1)+$W87 -> 185.0106 | Z87: =(($AB87-$W87)/($AB$1-$W$1))*(Z$1-$W$1)+$W87 -> 184.7324 | AA87: =(($AB87-$W87)/($AB$1-$W$1))*(AA$1-$W$1)+$W87 -> 184.4542 | AB87: 184.176 | AC87: =(($AG87-$AB87)/($AG$1-$AB$1))*(AC$1-$AB$1)+$AB87 -> 188.2976 | AD87: =(($AG87-$AB87)/($AG$1-$AB$1))*(AD$1-$AB$1)+$AB87 -> 192.4192 | AE87: =(($AG87-$AB87)/($AG$1-$AB$1))*(AE$1-$AB$1)+$AB87 -> 196.5408 | AF87: =(($AG87-$AB87)/($AG$1-$AB$1))*(AF$1-$AB$1)+$AB87 -> 200.6624 | AG87: 204.784 | AH87: =SUM(Tableau2[[#This Row],[2022]:[2050]]) -> 4776.5776
A88: Solar PV | B88: Steel | C88: Molybdenum | D88: SPS | E88: 0.143332 | F88: =(($H88-$E88)/($H$1-$E$1))*(F$1-$E$1)+$E88 -> 0.15417167 | G88: =(($H88-$E88)/($H$1-$E$1))*(G$1-$E$1)+$E88 -> 0.16501133 | H88: 0.175851 | I88: =(($M88-$H88)/($M$1-$H$1))*(I$1-$H$1)+$H88 -> 0.1824806 | J88: =(($M88-$H88)/($M$1-$H$1))*(J$1-$H$1)+$H88 -> 0.1891102 | K88: =(($M88-$H88)/($M$1-$H$1))*(K$1-$H$1)+$H88 -> 0.1957398 | L88: =(($M88-$H88)/($M$1-$H$1))*(L$1-$H$1)+$H88 -> 0.2023694 | M88: 0.208999 | N88: =(($R88-$M88)/($R$1-$M$1))*(N$1-$M$1)+$M88 -> 0.2110302 | O88: =(($R88-$M88)/($R$1-$M$1))*(O$1-$M$1)+$M88 -> 0.2130614 | P88: =(($R88-$M88)/($R$1-$M$1))*(P$1-$M$1)+$M88 -> 0.2150926 | Q88: =(($R88-$M88)/($R$1-$M$1))*(Q$1-$M$1)+$M88 -> 0.2171238 | R88: 0.219155 | S88: =(($W88-$R88)/($W$1-$R$1))*(S$1-$R$1)+$R88 -> 0.2208084 | T88: =(($W88-$R88)/($W$1-$R$1))*(T$1-$R$1)+$R88 -> 0.2224618 | U88: =(($W88-$R88)/($W$1-$R$1))*(U$1-$R$1)+$R88 -> 0.2241152 | V88: =(($W88-$R88)/($W$1-$R$1))*(V$1-$R$1)+$R88 -> 0.2257686 | W88: 0.227422 | X88: =(($AB88-$W88)/($AB$1-$W$1))*(X$1-$W$1)+$W88 -> 0.23042 | Y88: =(($AB88-$W88)/($AB$1-$W$1))*(Y$1-$W$1)+$W88 -> 0.233418 | Z88: =(($AB88-$W88)/($AB$1-$W$1))*(Z$1-$W$1)+$W88 -> 0.236416 | AA88: =(($AB88-$W88)/($AB$1-$W$1))*(AA$1-$W$1)+$W88 -> 0.239414 | AB88: 0.242412 | AC88: =(($AG88-$AB88)/($AG$1-$AB$1))*(AC$1-$AB$1)+$AB88 -> 0.2429992 | AD88: =(($AG88-$AB88)/($AG$1-$AB$1))*(AD$1-$AB$1)+$AB88 -> 0.2435864 | AE88: =(($AG88-$AB88)/($AG$1-$AB$1))*(AE$1-$AB$1)+$AB88 -> 0.2441736 | AF88: =(($AG88-$AB88)/($AG$1-$AB$1))*(AF$1-$AB$1)+$AB88 -> 0.2447608 | AG88: 0.245348 | AH88: =SUM(Tableau2[[#This Row],[2022]:[2050]]) -> 6.216052
A89: Wind | B89: Steel | C89: Molybdenum | D89: NZE | E89: 10.5301 | F89: =(($H89-$E89)/($H$1-$E$1))*(F$1-$E$1)+$E89 -> 13.353567 | G89: =(($H89-$E89)/($H$1-$E$1))*(G$1-$E$1)+$E89 -> 16.177033 | H89: 19.0005 | I89: =(($M89-$H89)/($M$1-$H$1))*(I$1-$H$1)+$H89 -> 23.34444 | J89: =(($M89-$H89)/($M$1-$H$1))*(J$1-$H$1)+$H89 -> 27.68838 | K89: =(($M89-$H89)/($M$1-$H$1))*(K$1-$H$1)+$H89 -> 32.03232 | L89: =(($M89-$H89)/($M$1-$H$1))*(L$1-$H$1)+$H89 -> 36.37626 | M89: 40.7202 | N89: =(($R89-$M89)/($R$1-$M$1))*(N$1-$M$1)+$M89 -> 40.27818 | O89: =(($R89-$M89)/($R$1-$M$1))*(O$1-$M$1)+$M89 -> 39.83616 | P89: =(($R89-$M89)/($R$1-$M$1))*(P$1-$M$1)+$M89 -> 39.39414 | Q89: =(($R89-$M89)/($R$1-$M$1))*(Q$1-$M$1)+$M89 -> 38.95212 | R89: 38.5101 | S89: =(($W89-$R89)/($W$1-$R$1))*(S$1-$R$1)+$R89 -> 37.08198 | T89: =(($W89-$R89)/($W$1-$R$1))*(T$1-$R$1)+$R89 -> 35.65386 | U89: =(($W89-$R89)/($W$1-$R$1))*(U$1-$R$1)+$R89 -> 34.22574 | V89: =(($W89-$R89)/($W$1-$R$1))*(V$1-$R$1)+$R89 -> 32.79762 | W89: 31.3695 | X89: =(($AB89-$W89)/($AB$1-$W$1))*(X$1-$W$1)+$W89 -> 29.45878 | Y89: =(($AB89-$W89)/($AB$1-$W$1))*(Y$1-$W$1)+$W89 -> 27.54806 | Z89: =(($AB89-$W89)/($AB$1-$W$1))*(Z$1-$W$1)+$W89 -> 25.63734 | AA89: =(($AB89-$W89)/($AB$1-$W$1))*(AA$1-$W$1)+$W89 -> 23.72662 | AB89: 21.8159 | AC89: =(($AG89-$AB89)/($AG$1-$AB$1))*(AC$1-$AB$1)+$AB89 -> 23.92562 | AD89: =(($AG89-$AB89)/($AG$1-$AB$1))*(AD$1-$AB$1)+$AB89 -> 26.03534 | AE89: =(($AG89-$AB89)/($AG$1-$AB$1))*(AE$1-$AB$1)+$AB89 -> 28.14506 | AF89: =(($AG89-$AB89)/($AG$1-$AB$1))*(AF$1-$AB$1)+$AB89 -> 30.25478 | AG89: 32.3645 | AH89: =SUM(Tableau2[[#This Row],[2022]:[2050]]) -> 856.2342
A90: Solar PV | B90: Steel | C90: Molybdenum | D90: APS | E90: 0.143332 | F90: =(($H90-$E90)/($H$1-$E$1))*(F$1-$E$1)+$E90 -> 0.16418867 | G90: =(($H90-$E90)/($H$1-$E$1))*(G$1-$E$1)+$E90 -> 0.18504533 | H90: 0.205902 | I90: =(($M90-$H90)/($M$1-$H$1))*(I$1-$H$1)+$H90 -> 0.215994 | J90: =(($M90-$H90)/($M$1-$H$1))*(J$1-$H$1)+$H90 -> 0.226086 | K90: =(($M90-$H90)/($M$1-$H$1))*(K$1-$H$1)+$H90 -> 0.236178 | L90: =(($M90-$H90)/($M$1-$H$1))*(L$1-$H$1)+$H90 -> 0.24627 | M90: 0.256362 | N90: =(($R90-$M90)/($R$1-$M$1))*(N$1-$M$1)+$M90 -> 0.2644216 | O90: =(($R90-$M90)/($R$1-$M$1))*(O$1-$M$1)+$M90 -> 0.2724812 | P90: =(($R90-$M90)/($R$1-$M$1))*(P$1-$M$1)+$M90 -> 0.2805408 | Q90: =(($R90-$M90)/($R$1-$M$1))*(Q$1-$M$1)+$M90 -> 0.2886004 | R90: 0.29666 | S90: =(($W90-$R90)/($W$1-$R$1))*(S$1-$R$1)+$R90 -> 0.2961882 | T90: =(($W90-$R90)/($W$1-$R$1))*(T$1-$R$1)+$R90 -> 0.2957164 | U90: =(($W90-$R90)/($W$1-$R$1))*(U$1-$R$1)+$R90 -> 0.2952446 | V90: =(($W90-$R90)/($W$1-$R$1))*(V$1-$R$1)+$R90 -> 0.2947728 | W90: 0.294301 | X90: =(($AB90-$W90)/($AB$1-$W$1))*(X$1-$W$1)+$W90 -> 0.2929704 | Y90: =(($AB90-$W90)/($AB$1-$W$1))*(Y$1-$W$1)+$W90 -> 0.2916398 | Z90: =(($AB90-$W90)/($AB$1-$W$1))*(Z$1-$W$1)+$W90 -> 0.2903092 | AA90: =(($AB90-$W90)/($AB$1-$W$1))*(AA$1-$W$1)+$W90 -> 0.2889786 | AB90: 0.287648 | AC90: =(($AG90-$AB90)/($AG$1-$AB$1))*(AC$1-$AB$1)+$AB90 -> 0.2859278 | AD90: =(($AG90-$AB90)/($AG$1-$AB$1))*(AD$1-$AB$1)+$AB90 -> 0.2842076 | AE90: =(($AG90-$AB90)/($AG$1-$AB$1))*(AE$1-$AB$1)+$AB90 -> 0.2824874 | AF90: =(($AG90-$AB90)/($AG$1-$AB$1))*(AF$1-$AB$1)+$AB90 -> 0.2807672 | AG90: 0.279047 | AH90: =SUM(Tableau2[[#This Row],[2022]:[2050]]) -> 7.622268
A91: Wind | B91: Steel | C91: Molybdenum | D91: APS | E91: 10.5301 | F91: =(($H91-$E91)/($H$1-$E$1))*(F$1-$E$1)+$E91 -> 11.736133 | G91: =(($H91-$E91)/($H$1-$E$1))*(G$1-$E$1)+$E91 -> 12.942167 | H91: 14.1482 | I91: =(($M91-$H91)/($M$1-$H$1))*(I$1-$H$1)+$H91 -> 15.6401 | J91: =(($M91-$H91)/($M$1-$H$1))*(J$1-$H$1)+$H91 -> 17.132 | K91: =(($M91-$H91)/($M$1-$H$1))*(K$1-$H$1)+$H91 -> 18.6239 | L91: =(($M91-$H91)/($M$1-$H$1))*(L$1-$H$1)+$H91 -> 20.1158 | M91: 21.6077 | N91: =(($R91-$M91)/($R$1-$M$1))*(N$1-$M$1)+$M91 -> 22.12492 | O91: =(($R91-$M91)/($R$1-$M$1))*(O$1-$M$1)+$M91 -> 22.64214 | P91: =(($R91-$M91)/($R$1-$M$1))*(P$1-$M$1)+$M91 -> 23.15936 | Q91: =(($R91-$M91)/($R$1-$M$1))*(Q$1-$M$1)+$M91 -> 23.67658 | R91: 24.1938 | S91: =(($W91-$R91)/($W$1-$R$1))*(S$1-$R$1)+$R91 -> 24.30616 | T91: =(($W91-$R91)/($W$1-$R$1))*(T$1-$R$1)+$R91 -> 24.41852 | U91: =(($W91-$R91)/($W$1-$R$1))*(U$1-$R$1)+$R91 -> 24.53088 | V91: =(($W91-$R91)/($W$1-$R$1))*(V$1-$R$1)+$R91 -> 24.64324 | W91: 24.7556 | X91: =(($AB91-$W91)/($AB$1-$W$1))*(X$1-$W$1)+$W91 -> 24.72922 | Y91: =(($AB91-$W91)/($AB$1-$W$1))*(Y$1-$W$1)+$W91 -> 24.70284 | Z91: =(($AB91-$W91)/($AB$1-$W$1))*(Z$1-$W$1)+$W91 -> 24.67646 | AA91: =(($AB91-$W91)/($AB$1-$W$1))*(AA$1-$W$1)+$W91 -> 24.65008 | AB91: 24.6237 | AC91: =(($AG91-$AB91)/($AG$1-$AB$1))*(AC$1-$AB$1)+$AB91 -> 25.18204 | AD91: =(($AG91-$AB91)/($AG$1-$AB$1))*(AD$1-$AB$1)+$AB91 -> 25.74038 | AE91: =(($AG91-$AB91)/($AG$1-$AB$1))*(AE$1-$AB$1)+$AB91 -> 26.29872 | AF91: =(($AG91-$AB91)/($AG$1-$AB$1))*(AF$1-$AB$1)+$AB91 -> 26.85706 | AG91: 27.4154 | AH91: =SUM(Tableau2[[#This Row],[2022]:[2050]]) -> 635.8032
A92: Wind | B92: Steel | C92: Molybdenum | D92: SPS | E92: 10.5301 | F92: =(($H92-$E92)/($H$1-$E$1))*(F$1-$E$1)+$E92 -> 10.7989 | G92: =(($H92-$E92)/($H$1-$E$1))*(G$1-$E$1)+$E92 -> 11.0677 | H92: 11.3365 | I92: =(($M92-$H92)/($M$1-$H$1))*(I$1-$H$1)+$H92 -> 12.10568 | J92: =(($M92-$H92)/($M$1-$H$1))*(J$1-$H$1)+$H92 -> 12.87486 | K92: =(($M92-$H92)/($M$1-$H$1))*(K$1-$H$1)+$H92 -> 13.64404 | L92: =(($M92-$H92)/($M$1-$H$1))*(L$1-$H$1)+$H92 -> 14.41322 | M92: 15.1824 | N92: =(($R92-$M92)/($R$1-$M$1))*(N$1-$M$1)+$M92 -> 15.09886 | O92: =(($R92-$M92)/($R$1-$M$1))*(O$1-$M$1)+$M92 -> 15.01532 | P92: =(($R92-$M92)/($R$1-$M$1))*(P$1-$M$1)+$M92 -> 14.93178 | Q92: =(($R92-$M92)/($R$1-$M$1))*(Q$1-$M$1)+$M92 -> 14.84824 | R92: 14.7647 | S92: =(($W92-$R92)/($W$1-$R$1))*(S$1-$R$1)+$R92 -> 14.56304 | T92: =(($W92-$R92)/($W$1-$R$1))*(T$1-$R$1)+$R92 -> 14.36138 | U92: =(($W92-$R92)/($W$1-$R$1))*(U$1-$R$1)+$R92 -> 14.15972 | V92: =(($W92-$R92)/($W$1-$R$1))*(V$1-$R$1)+$R92 -> 13.95806 | W92: 13.7564 | X92: =(($AB92-$W92)/($AB$1-$W$1))*(X$1-$W$1)+$W92 -> 14.4007 | Y92: =(($AB92-$W92)/($AB$1-$W$1))*(Y$1-$W$1)+$W92 -> 15.045 | Z92: =(($AB92-$W92)/($AB$1-$W$1))*(Z$1-$W$1)+$W92 -> 15.6893 | AA92: =(($AB92-$W92)/($AB$1-$W$1))*(AA$1-$W$1)+$W92 -> 16.3336 | AB92: 16.9779 | AC92: =(($AG92-$AB92)/($AG$1-$AB$1))*(AC$1-$AB$1)+$AB92 -> 17.34292 | AD92: =(($AG92-$AB92)/($AG$1-$AB$1))*(AD$1-$AB$1)+$AB92 -> 17.70794 | AE92: =(($AG92-$AB92)/($AG$1-$AB$1))*(AE$1-$AB$1)+$AB92 -> 18.07296 | AF92: =(($AG92-$AB92)/($AG$1-$AB$1))*(AF$1-$AB$1)+$AB92 -> 18.43798 | AG92: 18.803 | AH92: =SUM(Tableau2[[#This Row],[2022]:[2050]]) -> 426.2222
A93: Solar PV | B93: Steel | C93: Molybdenum | D93: NZE | E93: 0.143332 | F93: =(($H93-$E93)/($H$1-$E$1))*(F$1-$E$1)+$E93 -> 0.188033 | G93: =(($H93-$E93)/($H$1-$E$1))*(G$1-$E$1)+$E93 -> 0.232734 | H93: 0.277435 | I93: =(($M93-$H93)/($M$1-$H$1))*(I$1-$H$1)+$H93 -> 0.3032916 | J93: =(($M93-$H93)/($M$1-$H$1))*(J$1-$H$1)+$H93 -> 0.3291482 | K93: =(($M93-$H93)/($M$1-$H$1))*(K$1-$H$1)+$H93 -> 0.3550048 | L93: =(($M93-$H93)/($M$1-$H$1))*(L$1-$H$1)+$H93 -> 0.3808614 | M93: 0.406718 | N93: =(($R93-$M93)/($R$1-$M$1))*(N$1-$M$1)+$M93 -> 0.4093896 | O93: =(($R93-$M93)/($R$1-$M$1))*(O$1-$M$1)+$M93 -> 0.4120612 | P93: =(($R93-$M93)/($R$1-$M$1))*(P$1-$M$1)+$M93 -> 0.4147328 | Q93: =(($R93-$M93)/($R$1-$M$1))*(Q$1-$M$1)+$M93 -> 0.4174044 | R93: 0.420076 | S93: =(($W93-$R93)/($W$1-$R$1))*(S$1-$R$1)+$R93 -> 0.4156694 | T93: =(($W93-$R93)/($W$1-$R$1))*(T$1-$R$1)+$R93 -> 0.4112628 | U93: =(($W93-$R93)/($W$1-$R$1))*(U$1-$R$1)+$R93 -> 0.4068562 | V93: =(($W93-$R93)/($W$1-$R$1))*(V$1-$R$1)+$R93 -> 0.4024496 | W93: 0.398043 | X93: =(($AB93-$W93)/($AB$1-$W$1))*(X$1-$W$1)+$W93 -> 0.3740468 | Y93: =(($AB93-$W93)/($AB$1-$W$1))*(Y$1-$W$1)+$W93 -> 0.3500506 | Z93: =(($AB93-$W93)/($AB$1-$W$1))*(Z$1-$W$1)+$W93 -> 0.3260544 | AA93: =(($AB93-$W93)/($AB$1-$W$1))*(AA$1-$W$1)+$W93 -> 0.3020582 | AB93: 0.278062 | AC93: =(($AG93-$AB93)/($AG$1-$AB$1))*(AC$1-$AB$1)+$AB93 -> 0.2749946 | AD93: =(($AG93-$AB93)/($AG$1-$AB$1))*(AD$1-$AB$1)+$AB93 -> 0.2719272 | AE93: =(($AG93-$AB93)/($AG$1-$AB$1))*(AE$1-$AB$1)+$AB93 -> 0.2688598 | AF93: =(($AG93-$AB93)/($AG$1-$AB$1))*(AF$1-$AB$1)+$AB93 -> 0.2657924 | AG93: 0.262725 | AH93: =SUM(Tableau2[[#This Row],[2022]:[2050]]) -> 9.699074
A94: EV | B94: PMSG | C94: Neodymium | D94: APS | E94: 3.96194 | F94: =(($H94-$E94)/($H$1-$E$1))*(F$1-$E$1)+$E94 -> 5.4423667 | G94: =(($H94-$E94)/($H$1-$E$1))*(G$1-$E$1)+$E94 -> 6.9227933 | H94: 8.40322 | I94: =(($M94-$H94)/($M$1-$H$1))*(I$1-$H$1)+$H94 -> 10.249436 | J94: =(($M94-$H94)/($M$1-$H$1))*(J$1-$H$1)+$H94 -> 12.095652 | K94: =(($M94-$H94)/($M$1-$H$1))*(K$1-$H$1)+$H94 -> 13.941868 | L94: =(($M94-$H94)/($M$1-$H$1))*(L$1-$H$1)+$H94 -> 15.788084 | M94: 17.6343 | N94: =(($R94-$M94)/($R$1-$M$1))*(N$1-$M$1)+$M94 -> 20.15908 | O94: =(($R94-$M94)/($R$1-$M$1))*(O$1-$M$1)+$M94 -> 22.68386 | P94: =(($R94-$M94)/($R$1-$M$1))*(P$1-$M$1)+$M94 -> 25.20864 | Q94: =(($R94-$M94)/($R$1-$M$1))*(Q$1-$M$1)+$M94 -> 27.73342 | R94: 30.2582 | S94: =(($W94-$R94)/($W$1-$R$1))*(S$1-$R$1)+$R94 -> 32.10402 | T94: =(($W94-$R94)/($W$1-$R$1))*(T$1-$R$1)+$R94 -> 33.94984 | U94: =(($W94-$R94)/($W$1-$R$1))*(U$1-$R$1)+$R94 -> 35.79566 | V94: =(($W94-$R94)/($W$1-$R$1))*(V$1-$R$1)+$R94 -> 37.64148 | W94: 39.4873 | X94: =(($AB94-$W94)/($AB$1-$W$1))*(X$1-$W$1)+$W94 -> 40.4523 | Y94: =(($AB94-$W94)/($AB$1-$W$1))*(Y$1-$W$1)+$W94 -> 41.4173 | Z94: =(($AB94-$W94)/($AB$1-$W$1))*(Z$1-$W$1)+$W94 -> 42.3823 | AA94: =(($AB94-$W94)/($AB$1-$W$1))*(AA$1-$W$1)+$W94 -> 43.3473 | AB94: 44.3123 | AC94: =(($AG94-$AB94)/($AG$1-$AB$1))*(AC$1-$AB$1)+$AB94 -> 45.1966 | AD94: =(($AG94-$AB94)/($AG$1-$AB$1))*(AD$1-$AB$1)+$AB94 -> 46.0809 | AE94: =(($AG94-$AB94)/($AG$1-$AB$1))*(AE$1-$AB$1)+$AB94 -> 46.9652 | AF94: =(($AG94-$AB94)/($AG$1-$AB$1))*(AF$1-$AB$1)+$AB94 -> 47.8495 | AG94: 48.7338 | AH94: =SUM(Tableau2[[#This Row],[2022]:[2050]]) -> 846.19866
A95: EV | B95: PMSG | C95: Neodymium | D95: SPS | E95: 3.96194 | F95: =(($H95-$E95)/($H$1-$E$1))*(F$1-$E$1)+$E95 -> 5.0593067 | G95: =(($H95-$E95)/($H$1-$E$1))*(G$1-$E$1)+$E95 -> 6.1566733 | H95: 7.25404 | I95: =(($M95-$H95)/($M$1-$H$1))*(I$1-$H$1)+$H95 -> 8.246472 | J95: =(($M95-$H95)/($M$1-$H$1))*(J$1-$H$1)+$H95 -> 9.238904 | K95: =(($M95-$H95)/($M$1-$H$1))*(K$1-$H$1)+$H95 -> 10.231336 | L95: =(($M95-$H95)/($M$1-$H$1))*(L$1-$H$1)+$H95 -> 11.223768 | M95: 12.2162 | N95: =(($R95-$M95)/($R$1-$M$1))*(N$1-$M$1)+$M95 -> 12.79918 | O95: =(($R95-$M95)/($R$1-$M$1))*(O$1-$M$1)+$M95 -> 13.38216 | P95: =(($R95-$M95)/($R$1-$M$1))*(P$1-$M$1)+$M95 -> 13.96514 | Q95: =(($R95-$M95)/($R$1-$M$1))*(Q$1-$M$1)+$M95 -> 14.54812 | R95: 15.1311 | S95: =(($W95-$R95)/($W$1-$R$1))*(S$1-$R$1)+$R95 -> 15.8748 | T95: =(($W95-$R95)/($W$1-$R$1))*(T$1-$R$1)+$R95 -> 16.6185 | U95: =(($W95-$R95)/($W$1-$R$1))*(U$1-$R$1)+$R95 -> 17.3622 | V95: =(($W95-$R95)/($W$1-$R$1))*(V$1-$R$1)+$R95 -> 18.1059 | W95: 18.8496 | X95: =(($AB95-$W95)/($AB$1-$W$1))*(X$1-$W$1)+$W95 -> 19.43972 | Y95: =(($AB95-$W95)/($AB$1-$W$1))*(Y$1-$W$1)+$W95 -> 20.02984 | Z95: =(($AB95-$W95)/($AB$1-$W$1))*(Z$1-$W$1)+$W95 -> 20.61996 | AA95: =(($AB95-$W95)/($AB$1-$W$1))*(AA$1-$W$1)+$W95 -> 21.21008 | AB95: 21.8002 | AC95: =(($AG95-$AB95)/($AG$1-$AB$1))*(AC$1-$AB$1)+$AB95 -> 22.01598 | AD95: =(($AG95-$AB95)/($AG$1-$AB$1))*(AD$1-$AB$1)+$AB95 -> 22.23176 | AE95: =(($AG95-$AB95)/($AG$1-$AB$1))*(AE$1-$AB$1)+$AB95 -> 22.44754 | AF95: =(($AG95-$AB95)/($AG$1-$AB$1))*(AF$1-$AB$1)+$AB95 -> 22.66332 | AG95: 22.8791 | AH95: =SUM(Tableau2[[#This Row],[2022]:[2050]]) -> 445.56284
... A105: Wind | B105: Steel | C105: Nickel | D105: NZE | E105: 36.5381 | F105: =(($H105-$E105)/($H$1-$E$1))*(F$1-$E$1)+$E105 -> 46.380367 | G105: =(($H105-$E105)/($H$1-$E$1))*(G$1-$E$1)+$E105 -> 56.222633 | H105: 66.0649 | I105: =(($M105-$H105)/($M$1-$H$1))*(I$1-$H$1)+$H105 -> 80.37852 | J105: =(($M105-$H105)/($M$1-$H$1))*(J$1-$H$1)+$H105 -> 94.69214 | K105: =(($M105-$H105)/($M$1-$H$1))*(K$1-$H$1)+$H105 -> 109.00576 | L105: =(($M105-$H105)/($M$1-$H$1))*(L$1-$H$1)+$H105 -> 123.31938 | M105: 137.633 | N105: =(($R105-$M105)/($R$1-$M$1))*(N$1-$M$1)+$M105 -> 135.8888 | O105: =(($R105-$M105)/($R$1-$M$1))*(O$1-$M$1)+$M105 -> 134.1446 | P105: =(($R105-$M105)/($R$1-$M$1))*(P$1-$M$1)+$M105 -> 132.4004 | Q105: =(($R105-$M105)/($R$1-$M$1))*(Q$1-$M$1)+$M105 -> 130.6562 | R105: 128.912 | S105: =(($W105-$R105)/($W$1-$R$1))*(S$1-$R$1)+$R105 -> 123.4994 | T105: =(($W105-$R105)/($W$1-$R$1))*(T$1-$R$1)+$R105 -> 118.0868 | U105: =(($W105-$R105)/($W$1-$R$1))*(U$1-$R$1)+$R105 -> 112.6742 | V105: =(($W105-$R105)/($W$1-$R$1))*(V$1-$R$1)+$R105 -> 107.2616 | W105: 101.849 | X105: =(($AB105-$W105)/($AB$1-$W$1))*(X$1-$W$1)+$W105 -> 95.68616 | Y105: =(($AB105-$W105)/($AB$1-$W$1))*(Y$1-$W$1)+$W105 -> 89.52332 | Z105: =(($AB105-$W105)/($AB$1-$W$1))*(Z$1-$W$1)+$W105 -> 83.36048 | AA105: =(($AB105-$W105)/($AB$1-$W$1))*(AA$1-$W$1)+$W105 -> 77.19764 | AB105: 71.0348 | AC105: =(($AG105-$AB105)/($AG$1-$AB$1))*(AC$1-$AB$1)+$AB105 -> 77.60524 | AD105: =(($AG105-$AB105)/($AG$1-$AB$1))*(AD$1-$AB$1)+$AB105 -> 84.17568 | AE105: =(($AG105-$AB105)/($AG$1-$AB$1))*(AE$1-$AB$1)+$AB105 -> 90.74612 | AF105: =(($AG105-$AB105)/($AG$1-$AB$1))*(AF$1-$AB$1)+$AB105 -> 97.31656 | AG105: 103.887 | AH105: =SUM(Tableau2[[#This Row],[2022]:[2050]]) -> 2846.1408
A106: Hydrogen | C106: Nickel | D106: APS | E106: 1.76611 | F106: =(($H106-$E106)/($H$1-$E$1))*(F$1-$E$1)+$E106 -> 7.54484 | G106: =(($H106-$E106)/($H$1-$E$1))*(G$1-$E$1)+$E106 -> 13.32357 | H106: 19.1023 | I106: =(($M106-$H106)/($M$1-$H$1))*(I$1-$H$1)+$H106 -> 24.25876 | J106: =(($M106-$H106)/($M$1-$H$1))*(J$1-$H$1)+$H106 -> 29.41522 | K106: =(($M106-$H106)/($M$1-$H$1))*(K$1-$H$1)+$H106 -> 34.57168 | L106: =(($M106-$H106)/($M$1-$H$1))*(L$1-$H$1)+$H106 -> 39.72814 | M106: 44.8846 | N106: =(($R106-$M106)/($R$1-$M$1))*(N$1-$M$1)+$M106 -> 44.55906 | O106: =(($R106-$M106)/($R$1-$M$1))*(O$1-$M$1)+$M106 -> 44.23352 | P106: =(($R106-$M106)/($R$1-$M$1))*(P$1-$M$1)+$M106 -> 43.90798 | Q106: =(($R106-$M106)/($R$1-$M$1))*(Q$1-$M$1)+$M106 -> 43.58244 | R106: 43.2569 | S106: =(($W106-$R106)/($W$1-$R$1))*(S$1-$R$1)+$R106 -> 43.88202 | T106: =(($W106-$R106)/($W$1-$R$1))*(T$1-$R$1)+$R106 -> 44.50714 | U106: =(($W106-$R106)/($W$1-$R$1))*(U$1-$R$1)+$R106 -> 45.13226 | V106: =(($W106-$R106)/($W$1-$R$1))*(V$1-$R$1)+$R106 -> 45.75738 | W106: 46.3825 | X106: =(($AB106-$W106)/($AB$1-$W$1))*(X$1-$W$1)+$W106 -> 46.53162 | Y106: =(($AB106-$W106)/($AB$1-$W$1))*(Y$1-$W$1)+$W106 -> 46.68074 | Z106: =(($AB106-$W106)/($AB$1-$W$1))*(Z$1-$W$1)+$W106 -> 46.82986 | AA106: =(($AB106-$W106)/($AB$1-$W$1))*(AA$1-$W$1)+$W106 -> 46.97898 | AB106: 47.1281 | AC106: =(($AG106-$AB106)/($AG$1-$AB$1))*(AC$1-$AB$1)+$AB106 -> 49.9319 | AD106: =(($AG106-$AB106)/($AG$1-$AB$1))*(AD$1-$AB$1)+$AB106 -> 52.7357 | AE106: =(($AG106-$AB106)/($AG$1-$AB$1))*(AE$1-$AB$1)+$AB106 -> 55.5395 | AF106: =(($AG106-$AB106)/($AG$1-$AB$1))*(AF$1-$AB$1)+$AB106 -> 58.3433 | AG106: 61.1471 | AH106: =SUM(Tableau2[[#This Row],[2022]:[2050]]) -> 1171.6432
A107: Hydrogen | C107: Nickel | D107: SPS | E107: 1.76611 | F107: =(($H107-$E107)/($H$1-$E$1))*(F$1-$E$1)+$E107 -> 1.9864833 | G107: =(($H107-$E107)/($H$1-$E$1))*(G$1-$E$1)+$E107 -> 2.2068567 | H107: 2.42723 | I107: =(($M107-$H107)/($M$1-$H$1))*(I$1-$H$1)+$H107 -> 3.001044 | J107: =(($M107-$H107)/($M$1-$H$1))*(J$1-$H$1)+$H107 -> 3.574858 | K107: =(($M107-$H107)/($M$1-$H$1))*(K$1-$H$1)+$H107 -> 4.148672 | L107: =(($M107-$H107)/($M$1-$H$1))*(L$1-$H$1)+$H107 -> 4.722486 | M107: 5.2963 | N107: =(($R107-$M107)/($R$1-$M$1))*(N$1-$M$1)+$M107 -> 5.08109 | O107: =(($R107-$M107)/($R$1-$M$1))*(O$1-$M$1)+$M107 -> 4.86588 | P107: =(($R107-$M107)/($R$1-$M$1))*(P$1-$M$1)+$M107 -> 4.65067 | Q107: =(($R107-$M107)/($R$1-$M$1))*(Q$1-$M$1)+$M107 -> 4.43546 | R107: 4.22025 | S107: =(($W107-$R107)/($W$1-$R$1))*(S$1-$R$1)+$R107 -> 4.132996 | T107: =(($W107-$R107)/($W$1-$R$1))*(T$1-$R$1)+$R107 -> 4.045742 | U107: =(($W107-$R107)/($W$1-$R$1))*(U$1-$R$1)+$R107 -> 3.958488 | V107: =(($W107-$R107)/($W$1-$R$1))*(V$1-$R$1)+$R107 -> 3.871234 | W107: 3.78398 | X107: =(($AB107-$W107)/($AB$1-$W$1))*(X$1-$W$1)+$W107 -> 3.843608 | Y107: =(($AB107-$W107)/($AB$1-$W$1))*(Y$1-$W$1)+$W107 -> 3.903236 | Z107: =(($AB107-$W107)/($AB$1-$W$1))*(Z$1-$W$1)+$W107 -> 3.962864 | AA107: =(($AB107-$W107)/($AB$1-$W$1))*(AA$1-$W$1)+$W107 -> 4.022492 | AB107: 4.08212 | AC107: =(($AG107-$AB107)/($AG$1-$AB$1))*(AC$1-$AB$1)+$AB107 -> 4.398586 | AD107: =(($AG107-$AB107)/($AG$1-$AB$1))*(AD$1-$AB$1)+$AB107 -> 4.715052 | AE107: =(($AG107-$AB107)/($AG$1-$AB$1))*(AE$1-$AB$1)+$AB107 -> 5.031518 | AF107: =(($AG107-$AB107)/($AG$1-$AB$1))*(AF$1-$AB$1)+$AB107 -> 5.347984 | AG107: 5.66445 | AH107: =SUM(Tableau2[[#This Row],[2022]:[2050]]) -> 117.14774
A108: Battery Storage | B108: Battery | C108: Nickel | D108: NZE | E108: 8.91124 | F108: =(($H108-$E108)/($H$1-$E$1))*(F$1-$E$1)+$E108 -> 11.805593 | G108: =(($H108-$E108)/($H$1-$E$1))*(G$1-$E$1)+$E108 -> 14.699947 | H108: 17.5943 | I108: =(($M108-$H108)/($M$1-$H$1))*(I$1-$H$1)+$H108 -> 26.15324 | J108: =(($M108-$H108)/($M$1-$H$1))*(J$1-$H$1)+$H108 -> 34.71218 | K108: =(($M108-$H108)/($M$1-$H$1))*(K$1-$H$1)+$H108 -> 43.27112 | L108: =(($M108-$H108)/($M$1-$H$1))*(L$1-$H$1)+$H108 -> 51.83006 | M108: 60.389 | N108: =(($R108-$M108)/($R$1-$M$1))*(N$1-$M$1)+$M108 -> 63.19352 | O108: =(($R108-$M108)/($R$1-$M$1))*(O$1-$M$1)+$M108 -> 65.99804 | P108: =(($R108-$M108)/($R$1-$M$1))*(P$1-$M$1)+$M108 -> 68.80256 | Q108: =(($R108-$M108)/($R$1-$M$1))*(Q$1-$M$1)+$M108 -> 71.60708 | R108: 74.4116 | S108: =(($W108-$R108)/($W$1-$R$1))*(S$1-$R$1)+$R108 -> 72.45078 | T108: =(($W108-$R108)/($W$1-$R$1))*(T$1-$R$1)+$R108 -> 70.48996 | U108: =(($W108-$R108)/($W$1-$R$1))*(U$1-$R$1)+$R108 -> 68.52914 | V108: =(($W108-$R108)/($W$1-$R$1))*(V$1-$R$1)+$R108 -> 66.56832 | W108: 64.6075 | X108: =(($AB108-$W108)/($AB$1-$W$1))*(X$1-$W$1)+$W108 -> 59.70356 | Y108: =(($AB108-$W108)/($AB$1-$W$1))*(Y$1-$W$1)+$W108 -> 54.79962 | Z108: =(($AB108-$W108)/($AB$1-$W$1))*(Z$1-$W$1)+$W108 -> 49.89568 | AA108: =(($AB108-$W108)/($AB$1-$W$1))*(AA$1-$W$1)+$W108 -> 44.99174 | AB108: 40.0878 | AC108: =(($AG108-$AB108)/($AG$1-$AB$1))*(AC$1-$AB$1)+$AB108 -> 32.07024 | AD108: =(($AG108-$AB108)/($AG$1-$AB$1))*(AD$1-$AB$1)+$AB108 -> 24.05268 | AE108: =(($AG108-$AB108)/($AG$1-$AB$1))*(AE$1-$AB$1)+$AB108 -> 16.03512 | AF108: =(($AG108-$AB108)/($AG$1-$AB$1))*(AF$1-$AB$1)+$AB108 -> 8.01756 | AG108: 0 | AH108: =SUM(Tableau2[[#This Row],[2022]:[2050]]) -> 1285.6792
A109: Solar PV | C109: Nickel | D109: SPS | E109: 0.2521 | F109: =(($H109-$E109)/($H$1-$E$1))*(F$1-$E$1)+$E109 -> 0.26431733 | G109: =(($H109-$E109)/($H$1-$E$1))*(G$1-$E$1)+$E109 -> 0.27653467 | H109: 0.288752 | I109: =(($M109-$H109)/($M$1-$H$1))*(I$1-$H$1)+$H109 -> 0.2994338 | J109: =(($M109-$H109)/($M$1-$H$1))*(J$1-$H$1)+$H109 -> 0.3101156 | K109: =(($M109-$H109)/($M$1-$H$1))*(K$1-$H$1)+$H109 -> 0.3207974 | L109: =(($M109-$H109)/($M$1-$H$1))*(L$1-$H$1)+$H109 -> 0.3314792 | M109: 0.342161 | N109: =(($R109-$M109)/($R$1-$M$1))*(N$1-$M$1)+$M109 -> 0.3432148 | O109: =(($R109-$M109)/($R$1-$M$1))*(O$1-$M$1)+$M109 -> 0.3442686 | P109: =(($R109-$M109)/($R$1-$M$1))*(P$1-$M$1)+$M109 -> 0.3453224 | Q109: =(($R109-$M109)/($R$1-$M$1))*(Q$1-$M$1)+$M109 -> 0.3463762 | R109: 0.34743 | S109: =(($W109-$R109)/($W$1-$R$1))*(S$1-$R$1)+$R109 -> 0.3506946 | T109: =(($W109-$R109)/($W$1-$R$1))*(T$1-$R$1)+$R109 -> 0.3539592 | U109: =(($W109-$R109)/($W$1-$R$1))*(U$1-$R$1)+$R109 -> 0.3572238 | V109: =(($W109-$R109)/($W$1-$R$1))*(V$1-$R$1)+$R109 -> 0.3604884 | W109: 0.363753 | X109: =(($AB109-$W109)/($AB$1-$W$1))*(X$1-$W$1)+$W109 -> 0.3748766 | Y109: =(($AB109-$W109)/($AB$1-$W$1))*(Y$1-$W$1)+$W109 -> 0.3860002 | Z109: =(($AB109-$W109)/($AB$1-$W$1))*(Z$1-$W$1)+$W109 -> 0.3971238 | AA109: =(($AB109-$W109)/($AB$1-$W$1))*(AA$1-$W$1)+$W109 -> 0.4082474 | AB109: 0.419371 | AC109: =(($AG109-$AB109)/($AG$1-$AB$1))*(AC$1-$AB$1)+$AB109 -> 0.4298678 | AD109: =(($AG109-$AB109)/($AG$1-$AB$1))*(AD$1-$AB$1)+$AB109 -> 0.4403646 | AE109: =(($AG109-$AB109)/($AG$1-$AB$1))*(AE$1-$AB$1)+$AB109 -> 0.4508614 | AF109: =(($AG109-$AB109)/($AG$1-$AB$1))*(AF$1-$AB$1)+$AB109 -> 0.4613582 | AG109: 0.471855 | AH109: =SUM(Tableau2[[#This Row],[2022]:[2050]]) -> 10.438348
A110: Hydrogen | C110: Nickel | D110: NZE | E110: 1.76611 | F110: =(($H110-$E110)/($H$1-$E$1))*(F$1-$E$1)+$E110 -> 13.028507 | G110: =(($H110-$E110)/($H$1-$E$1))*(G$1-$E$1)+$E110 -> 24.290903 | H110: 35.5533 | I110: =(($M110-$H110)/($M$1-$H$1))*(I$1-$H$1)+$H110 -> 51.45724 | J110: =(($M110-$H110)/($M$1-$H$1))*(J$1-$H$1)+$H110 -> 67.36118 | K110: =(($M110-$H110)/($M$1-$H$1))*(K$1-$H$1)+$H110 -> 83.26512 | L110: =(($M110-$H110)/($M$1-$H$1))*(L$1-$H$1)+$H110 -> 99.16906 | M110: 115.073 | N110: =(($R110-$M110)/($R$1-$M$1))*(N$1-$M$1)+$M110 -> 115.6502 | O110: =(($R110-$M110)/($R$1-$M$1))*(O$1-$M$1)+$M110 -> 116.2274 | P110: =(($R110-$M110)/($R$1-$M$1))*(P$1-$M$1)+$M110 -> 116.8046 | Q110: =(($R110-$M110)/($R$1-$M$1))*(Q$1-$M$1)+$M110 -> 117.3818 | R110: 117.959 | S110: =(($W110-$R110)/($W$1-$R$1))*(S$1-$R$1)+$R110 -> 112.89634 | T110: =(($W110-$R110)/($W$1-$R$1))*(T$1-$R$1)+$R110 -> 107.83368 | U110: =(($W110-$R110)/($W$1-$R$1))*(U$1-$R$1)+$R110 -> 102.77102 | V110: =(($W110-$R110)/($W$1-$R$1))*(V$1-$R$1)+$R110 -> 97.70836 | W110: 92.6457 | X110: =(($AB110-$W110)/($AB$1-$W$1))*(X$1-$W$1)+$W110 -> 86.82014 | Y110: =(($AB110-$W110)/($AB$1-$W$1))*(Y$1-$W$1)+$W110 -> 80.99458 | Z110: =(($AB110-$W110)/($AB$1-$W$1))*(Z$1-$W$1)+$W110 -> 75.16902 | AA110: =(($AB110-$W110)/($AB$1-$W$1))*(AA$1-$W$1)+$W110 -> 69.34346 | AB110: 63.5179 | AC110: =(($AG110-$AB110)/($AG$1-$AB$1))*(AC$1-$AB$1)+$AB110 -> 68.16538 | AD110: =(($AG110-$AB110)/($AG$1-$AB$1))*(AD$1-$AB$1)+$AB110 -> 72.81286 | AE110: =(($AG110-$AB110)/($AG$1-$AB$1))*(AE$1-$AB$1)+$AB110 -> 77.46034 | AF110: =(($AG110-$AB110)/($AG$1-$AB$1))*(AF$1-$AB$1)+$AB110 -> 82.10782 | AG110: 86.7553 | AH110: =SUM(Tableau2[[#This Row],[2022]:[2050]]) -> 2351.9893
A111: Solar PV | C111: Nickel | D111: APS | E111: 0.2521 | F111: =(($H111-$E111)/($H$1-$E$1))*(F$1-$E$1)+$E111 -> 0.28253633 | G111: =(($H111-$E111)/($H$1-$E$1))*(G$1-$E$1)+$E111 -> 0.31297267 | H111: 0.343409 | I111: =(($M111-$H111)/($M$1-$H$1))*(I$1-$H$1)+$H111 -> 0.3647908 | J111: =(($M111-$H111)/($M$1-$H$1))*(J$1-$H$1)+$H111 -> 0.3861726 | K111: =(($M111-$H111)/($M$1-$H$1))*(K$1-$H$1)+$H111 -> 0.4075544 | L111: =(($M111-$H111)/($M$1-$H$1))*(L$1-$H$1)+$H111 -> 0.4289362 | M111: 0.450318 | N111: =(($R111-$M111)/($R$1-$M$1))*(N$1-$M$1)+$M111 -> 0.4650748 | O111: =(($R111-$M111)/($R$1-$M$1))*(O$1-$M$1)+$M111 -> 0.4798316 | P111: =(($R111-$M111)/($R$1-$M$1))*(P$1-$M$1)+$M111 -> 0.4945884 | Q111: =(($R111-$M111)/($R$1-$M$1))*(Q$1-$M$1)+$M111 -> 0.5093452 | R111: 0.524102 | S111: =(($W111-$R111)/($W$1-$R$1))*(S$1-$R$1)+$R111 -> 0.5264374 | T111: =(($W111-$R111)/($W$1-$R$1))*(T$1-$R$1)+$R111 -> 0.5287728 | U111: =(($W111-$R111)/($W$1-$R$1))*(U$1-$R$1)+$R111 -> 0.5311082 | V111: =(($W111-$R111)/($W$1-$R$1))*(V$1-$R$1)+$R111 -> 0.5334436 | W111: 0.535779 | X111: =(($AB111-$W111)/($AB$1-$W$1))*(X$1-$W$1)+$W111 -> 0.5527154 | Y111: =(($AB111-$W111)/($AB$1-$W$1))*(Y$1-$W$1)+$W111 -> 0.5696518 | Z111: =(($AB111-$W111)/($AB$1-$W$1))*(Z$1-$W$1)+$W111 -> 0.5865882 | AA111: =(($AB111-$W111)/($AB$1-$W$1))*(AA$1-$W$1)+$W111 -> 0.6035246 | AB111: 0.620461 | AC111: =(($AG111-$AB111)/($AG$1-$AB$1))*(AC$1-$AB$1)+$AB111 -> 0.6339782 | AD111: =(($AG111-$AB111)/($AG$1-$AB$1))*(AD$1-$AB$1)+$AB111 -> 0.6474954 | AE111: =(($AG111-$AB111)/($AG$1-$AB$1))*(AE$1-$AB$1)+$AB111 -> 0.6610126 | AF111: =(($AG111-$AB111)/($AG$1-$AB$1))*(AF$1-$AB$1)+$AB111 -> 0.6745298 | AG111: 0.688047 | AH111: =SUM(Tableau2[[#This Row],[2022]:[2050]]) -> 14.595277
A112: Wind | B112: Steel | C112: Nickel | D112: SPS | E112: 36.5381 | F112: =(($H112-$E112)/($H$1-$E$1))*(F$1-$E$1)+$E112 -> 37.421 | G112: =(($H112-$E112)/($H$1-$E$1))*(G$1-$E$1)+$E112 -> 38.3039 | H112: 39.1868 | I112: =(($M112-$H112)/($M$1-$H$1))*(I$1-$H$1)+$H112 -> 41.34476 | J112: =(($M112-$H112)/($M$1-$H$1))*(J$1-$H$1)+$H112 -> 43.50272 | K112: =(($M112-$H112)/($M$1-$H$1))*(K$1-$H$1)+$H112 -> 45.66068 | L112: =(($M112-$H112)/($M$1-$H$1))*(L$1-$H$1)+$H112 -> 47.81864 | M112: 49.9766 | N112: =(($R112-$M112)/($R$1-$M$1))*(N$1-$M$1)+$M112 -> 49.81268 | O112: =(($R112-$M112)/($R$1-$M$1))*(O$1-$M$1)+$M112 -> 49.64876 | P112: =(($R112-$M112)/($R$1-$M$1))*(P$1-$M$1)+$M112 -> 49.48484 | Q112: =(($R112-$M112)/($R$1-$M$1))*(Q$1-$M$1)+$M112 -> 49.32092 | R112: 49.157 | S112: =(($W112-$R112)/($W$1-$R$1))*(S$1-$R$1)+$R112 -> 48.53318 | T112: =(($W112-$R112)/($W$1-$R$1))*(T$1-$R$1)+$R112 -> 47.90936 | U112: =(($W112-$R112)/($W$1-$R$1))*(U$1-$R$1)+$R112 -> 47.28554 | V112: =(($W112-$R112)/($W$1-$R$1))*(V$1-$R$1)+$R112 -> 46.66172 | W112: 46.0379 | X112: =(($AB112-$W112)/($AB$1-$W$1))*(X$1-$W$1)+$W112 -> 48.12812 | Y112: =(($AB112-$W112)/($AB$1-$W$1))*(Y$1-$W$1)+$W112 -> 50.21834 | Z112: =(($AB112-$W112)/($AB$1-$W$1))*(Z$1-$W$1)+$W112 -> 52.30856 | AA112: =(($AB112-$W112)/($AB$1-$W$1))*(AA$1-$W$1)+$W112 -> 54.39878 | AB112: 56.489 | AC112: =(($AG112-$AB112)/($AG$1-$AB$1))*(AC$1-$AB$1)+$AB112 -> 57.42098 | AD112: =(($AG112-$AB112)/($AG$1-$AB$1))*(AD$1-$AB$1)+$AB112 -> 58.35296 | AE112: =(($AG112-$AB112)/($AG$1-$AB$1))*(AE$1-$AB$1)+$AB112 -> 59.28494 | AF112: =(($AG112-$AB112)/($AG$1-$AB$1))*(AF$1-$AB$1)+$AB112 -> 60.21692 | AG112: 61.1489 | AH112: =SUM(Tableau2[[#This Row],[2022]:[2050]]) -> 1421.5726
A113: Wind | B113: Steel | C113: Nickel | D113: APS | E113: 36.5381 | F113: =(($H113-$E113)/($H$1-$E$1))*(F$1-$E$1)+$E113 -> 40.5885 | G113: =(($H113-$E113)/($H$1-$E$1))*(G$1-$E$1)+$E113 -> 44.6389 | H113: 48.6893 | I113: =(($M113-$H113)/($M$1-$H$1))*(I$1-$H$1)+$H113 -> 53.41942 | J113: =(($M113-$H113)/($M$1-$H$1))*(J$1-$H$1)+$H113 -> 58.14954 | K113: =(($M113-$H113)/($M$1-$H$1))*(K$1-$H$1)+$H113 -> 62.87966 | L113: =(($M113-$H113)/($M$1-$H$1))*(L$1-$H$1)+$H113 -> 67.60978 | M113: 72.3399 | N113: =(($R113-$M113)/($R$1-$M$1))*(N$1-$M$1)+$M113 -> 73.95386 | O113: =(($R113-$M113)/($R$1-$M$1))*(O$1-$M$1)+$M113 -> 75.56782 | P113: =(($R113-$M113)/($R$1-$M$1))*(P$1-$M$1)+$M113 -> 77.18178 | Q113: =(($R113-$M113)/($R$1-$M$1))*(Q$1-$M$1)+$M113 -> 78.79574 | R113: 80.4097 | S113: =(($W113-$R113)/($W$1-$R$1))*(S$1-$R$1)+$R113 -> 80.72536 | T113: =(($W113-$R113)/($W$1-$R$1))*(T$1-$R$1)+$R113 -> 81.04102 | U113: =(($W113-$R113)/($W$1-$R$1))*(U$1-$R$1)+$R113 -> 81.35668 | V113: =(($W113-$R113)/($W$1-$R$1))*(V$1-$R$1)+$R113 -> 81.67234 | W113: 81.988 | X113: =(($AB113-$W113)/($AB$1-$W$1))*(X$1-$W$1)+$W113 -> 81.57454 | Y113: =(($AB113-$W113)/($AB$1-$W$1))*(Y$1-$W$1)+$W113 -> 81.16108 | Z113: =(($AB113-$W113)/($AB$1-$W$1))*(Z$1-$W$1)+$W113 -> 80.74762 | AA113: =(($AB113-$W113)/($AB$1-$W$1))*(AA$1-$W$1)+$W113 -> 80.33416 | AB113: 79.9207 | AC113: =(($AG113-$AB113)/($AG$1-$AB$1))*(AC$1-$AB$1)+$AB113 -> 81.46452 | AD113: =(($AG113-$AB113)/($AG$1-$AB$1))*(AD$1-$AB$1)+$AB113 -> 83.00834 | AE113: =(($AG113-$AB113)/($AG$1-$AB$1))*(AE$1-$AB$1)+$AB113 -> 84.55216 | AF113: =(($AG113-$AB113)/($AG$1-$AB$1))*(AF$1-$AB$1)+$AB113 -> 86.09598 | AG113: 87.6398 | AH113: =SUM(Tableau2[[#This Row],[2022]:[2050]]) -> 2104.0443
A114: Solar PV | B114: Steel | C114: Nickel | D114: NZE | E114: 0.2521 | F114: =(($H114-$E114)/($H$1-$E$1))*(F$1-$E$1)+$E114 -> 0.328329 | G114: =(($H114-$E114)/($H$1-$E$1))*(G$1-$E$1)+$E114 -> 0.404558 | H114: 0.480787 | I114: =(($M114-$H114)/($M$1-$H$1))*(I$1-$H$1)+$H114 -> 0.541261 | J114: =(($M114-$H114)/($M$1-$H$1))*(J$1-$H$1)+$H114 -> 0.601735 | K114: =(($M114-$H114)/($M$1-$H$1))*(K$1-$H$1)+$H114 -> 0.662209 | L114: =(($M114-$H114)/($M$1-$H$1))*(L$1-$H$1)+$H114 -> 0.722683 | M114: 0.783157 | N114: =(($R114-$M114)/($R$1-$M$1))*(N$1-$M$1)+$M114 -> 0.7868566 | O114: =(($R114-$M114)/($R$1-$M$1))*(O$1-$M$1)+$M114 -> 0.7905562 | P114: =(($R114-$M114)/($R$1-$M$1))*(P$1-$M$1)+$M114 -> 0.7942558 | Q114: =(($R114-$M114)/($R$1-$M$1))*(Q$1-$M$1)+$M114 -> 0.7979554 | R114: 0.801655 | S114: =(($W114-$R114)/($W$1-$R$1))*(S$1-$R$1)+$R114 -> 0.7986206 | T114: =(($W114-$R114)/($W$1-$R$1))*(T$1-$R$1)+$R114 -> 0.7955862 | U114: =(($W114-$R114)/($W$1-$R$1))*(U$1-$R$1)+$R114 -> 0.7925518 | V114: =(($W114-$R114)/($W$1-$R$1))*(V$1-$R$1)+$R114 -> 0.7895174 | W114: 0.786483 | X114: =(($AB114-$W114)/($AB$1-$W$1))*(X$1-$W$1)+$W114 -> 0.7564714 | Y114: =(($AB114-$W114)/($AB$1-$W$1))*(Y$1-$W$1)+$W114 -> 0.7264598 | Z114: =(($AB114-$W114)/($AB$1-$W$1))*(Z$1-$W$1)+$W114 -> 0.6964482 | AA114: =(($AB114-$W114)/($AB$1-$W$1))*(AA$1-$W$1)+$W114 -> 0.6664366 | AB114: 0.636425 | AC114: =(($AG114-$AB114)/($AG$1-$AB$1))*(AC$1-$AB$1)+$AB114 -> 0.650854 | AD114: =(($AG114-$AB114)/($AG$1-$AB$1))*(AD$1-$AB$1)+$AB114 -> 0.665283 | AE114: =(($AG114-$AB114)/($AG$1-$AB$1))*(AE$1-$AB$1)+$AB114 -> 0.679712 | AF114: =(($AG114-$AB114)/($AG$1-$AB$1))*(AF$1-$AB$1)+$AB114 -> 0.694141 | AG114: 0.70857 | AH114: =SUM(Tableau2[[#This Row],[2022]:[2050]]) -> 19.591658
A115: Hydrogen | C115: PGM | D115: SPS | E115: 0.001470452 | F115: =(($H115-$E115)/($H$1-$E$1))*(F$1-$E$1)+$E115 -> 0.001963341 | G115: =(($H115-$E115)/($H$1-$E$1))*(G$1-$E$1)+$E115 -> 0.00245623 | H115: 0.002949119 | I115: =(($M115-$H115)/($M$1-$H$1))*(I$1-$H$1)+$H115 -> 0.0036467448 | J115: =(($M115-$H115)/($M$1-$H$1))*(J$1-$H$1)+$H115 -> 0.0043443706 | K115: =(($M115-$H115)/($M$1-$H$1))*(K$1-$H$1)+$H115 -> 0.0050419964 | L115: =(($M115-$H115)/($M$1-$H$1))*(L$1-$H$1)+$H115 -> 0.0057396222 | M115: 0.006437248 | N115: =(($R115-$M115)/($R$1-$M$1))*(N$1-$M$1)+$M115 -> 0.0071778838 | O115: =(($R115-$M115)/($R$1-$M$1))*(O$1-$M$1)+$M115 -> 0.0079185196 | P115: =(($R115-$M115)/($R$1-$M$1))*(P$1-$M$1)+$M115 -> 0.0086591554 | Q115: =(($R115-$M115)/($R$1-$M$1))*(Q$1-$M$1)+$M115 -> 0.0093997912 | R115: 0.010140427 | S115: =(($W115-$R115)/($W$1-$R$1))*(S$1-$R$1)+$R115 -> 0.010875125 | T115: =(($W115-$R115)/($W$1-$R$1))*(T$1-$R$1)+$R115 -> 0.011609824 | U115: =(($W115-$R115)/($W$1-$R$1))*(U$1-$R$1)+$R115 -> 0.012344522 | V115: =(($W115-$R115)/($W$1-$R$1))*(V$1-$R$1)+$R115 -> 0.013079221 | W115: 0.013813919 | X115: =(($AB115-$W115)/($AB$1-$W$1))*(X$1-$W$1)+$W115 -> 0.01438146 | Y115: =(($AB115-$W115)/($AB$1-$W$1))*(Y$1-$W$1)+$W115 -> 0.014949001 | Z115: =(($AB115-$W115)/($AB$1-$W$1))*(Z$1-$W$1)+$W115 -> 0.015516541 | AA115: =(($AB115-$W115)/($AB$1-$W$1))*(AA$1-$W$1)+$W115 -> 0.016084082 | AB115: 0.016651623 | AC115: =(($AG115-$AB115)/($AG$1-$AB$1))*(AC$1-$AB$1)+$AB115 -> 0.017403589 | AD115: =(($AG115-$AB115)/($AG$1-$AB$1))*(AD$1-$AB$1)+$AB115 -> 0.018155555 | AE115: =(($AG115-$AB115)/($AG$1-$AB$1))*(AE$1-$AB$1)+$AB115 -> 0.01890752 | AF115: =(($AG115-$AB115)/($AG$1-$AB$1))*(AF$1-$AB$1)+$AB115 -> 0.019659486 | AG115: 0.020411452 | AH115: =SUM(Tableau2[[#This Row],[2022]:[2050]]) -> 0.31118782
A116: Hydrogen | C116: PGM | D116: APS | E116: 0.001470452 | F116: =(($H116-$E116)/($H$1-$E$1))*(F$1-$E$1)+$E116 -> 0.0042293513 | G116: =(($H116-$E116)/($H$1-$E$1))*(G$1-$E$1)+$E116 -> 0.0069882507 | H116: 0.00974715 | I116: =(($M116-$H116)/($M$1-$H$1))*(I$1-$H$1)+$H116 -> 0.012356804 | J116: =(($M116-$H116)/($M$1-$H$1))*(J$1-$H$1)+$H116 -> 0.014966458 | K116: =(($M116-$H116)/($M$1-$H$1))*(K$1-$H$1)+$H116 -> 0.017576112 | L116: =(($M116-$H116)/($M$1-$H$1))*(L$1-$H$1)+$H116 -> 0.020185766 | M116: 0.02279542 | N116: =(($R116-$M116)/($R$1-$M$1))*(N$1-$M$1)+$M116 -> 0.029571658 | O116: =(($R116-$M116)/($R$1-$M$1))*(O$1-$M$1)+$M116 -> 0.036347896 | P116: =(($R116-$M116)/($R$1-$M$1))*(P$1-$M$1)+$M116 -> 0.043124134 | Q116: =(($R116-$M116)/($R$1-$M$1))*(Q$1-$M$1)+$M116 -> 0.049900372 | R116: 0.05667661 | S116: =(($W116-$R116)/($W$1-$R$1))*(S$1-$R$1)+$R116 -> 0.062051908 | T116: =(($W116-$R116)/($W$1-$R$1))*(T$1-$R$1)+$R116 -> 0.067427206 | U116: =(($W116-$R116)/($W$1-$R$1))*(U$1-$R$1)+$R116 -> 0.072802504 | V116: =(($W116-$R116)/($W$1-$R$1))*(V$1-$R$1)+$R116 -> 0.078177802 | W116: 0.0835531 | X116: =(($AB116-$W116)/($AB$1-$W$1))*(X$1-$W$1)+$W116 -> 0.08492022 | Y116: =(($AB116-$W116)/($AB$1-$W$1))*(Y$1-$W$1)+$W116 -> 0.08628734 | Z116: =(($AB116-$W116)/($AB$1-$W$1))*(Z$1-$W$1)+$W116 -> 0.08765446 | AA116: =(($AB116-$W116)/($AB$1-$W$1))*(AA$1-$W$1)+$W116 -> 0.08902158 | AB116: 0.0903887 | AC116: =(($AG116-$AB116)/($AG$1-$AB$1))*(AC$1-$AB$1)+$AB116 -> 0.087898518 | AD116: =(($AG116-$AB116)/($AG$1-$AB$1))*(AD$1-$AB$1)+$AB116 -> 0.085408336 | AE116: =(($AG116-$AB116)/($AG$1-$AB$1))*(AE$1-$AB$1)+$AB116 -> 0.082918154 | AF116: =(($AG116-$AB116)/($AG$1-$AB$1))*(AF$1-$AB$1)+$AB116 -> 0.080427972 | AG116: 0.07793779 | AH116: =SUM(Tableau2[[#This Row],[2022]:[2050]]) -> 1.542812
A117: Hydrogen | C117: PGM | D117: NZE | E117: 0.001470452 | F117: =(($H117-$E117)/($H$1-$E$1))*(F$1-$E$1)+$E117 -> 0.010718088 | G117: =(($H117-$E117)/($H$1-$E$1))*(G$1-$E$1)+$E117 -> 0.019965724 | H117: 0.02921336 | I117: =(($M117-$H117)/($M$1-$H$1))*(I$1-$H$1)+$H117 -> 0.040174136 | J117: =(($M117-$H117)/($M$1-$H$1))*(J$1-$H$1)+$H117 -> 0.051134912 | K117: =(($M117-$H117)/($M$1-$H$1))*(K$1-$H$1)+$H117 -> 0.062095688 | L117: =(($M117-$H117)/($M$1-$H$1))*(L$1-$H$1)+$H117 -> 0.073056464 | M117: 0.08401724 | N117: =(($R117-$M117)/($R$1-$M$1))*(N$1-$M$1)+$M117 -> 0.10033853 | O117: =(($R117-$M117)/($R$1-$M$1))*(O$1-$M$1)+$M117 -> 0.11665982 | P117: =(($R117-$M117)/($R$1-$M$1))*(P$1-$M$1)+$M117 -> 0.1329811 | Q117: =(($R117-$M117)/($R$1-$M$1))*(Q$1-$M$1)+$M117 -> 0.14930239 | R117: 0.16562368 | S117: =(($W117-$R117)/($W$1-$R$1))*(S$1-$R$1)+$R117 -> 0.17232565 | T117: =(($W117-$R117)/($W$1-$R$1))*(T$1-$R$1)+$R117 -> 0.17902763 | U117: =(($W117-$R117)/($W$1-$R$1))*(U$1-$R$1)+$R117 -> 0.1857296 | V117: =(($W117-$R117)/($W$1-$R$1))*(V$1-$R$1)+$R117 -> 0.19243158 | W117: 0.19913355 | X117: =(($AB117-$W117)/($AB$1-$W$1))*(X$1-$W$1)+$W117 -> 0.19673398 | Y117: =(($AB117-$W117)/($AB$1-$W$1))*(Y$1-$W$1)+$W117 -> 0.19433441 | Z117: =(($AB117-$W117)/($AB$1-$W$1))*(Z$1-$W$1)+$W117 -> 0.19193485 | AA117: =(($AB117-$W117)/($AB$1-$W$1))*(AA$1-$W$1)+$W117 -> 0.18953528 | AB117: 0.18713571 | AC117: =(($AG117-$AB117)/($AG$1-$AB$1))*(AC$1-$AB$1)+$AB117 -> 0.17780225 | AD117: =(($AG117-$AB117)/($AG$1-$AB$1))*(AD$1-$AB$1)+$AB117 -> 0.16846879 | AE117: =(($AG117-$AB117)/($AG$1-$AB$1))*(AE$1-$AB$1)+$AB117 -> 0.15913532 | AF117: =(($AG117-$AB117)/($AG$1-$AB$1))*(AF$1-$AB$1)+$AB117 -> 0.14980186 | AG117: 0.1404684 | AH117: =SUM(Tableau2[[#This Row],[2022]:[2050]]) -> 3.7207504
A118: EV | B118: PMSG | C118: Praseodymium | D118: APS | E118: 0.594292 | F118: =(($H118-$E118)/($H$1-$E$1))*(F$1-$E$1)+$E118 -> 0.81635467 | G118: =(($H118-$E118)/($H$1-$E$1))*(G$1-$E$1)+$E118 -> 1.0384173 | H118: 1.26048 | I118: =(($M118-$H118)/($M$1-$H$1))*(I$1-$H$1)+$H118 -> 1.537414 | J118: =(($M118-$H118)/($M$1-$H$1))*(J$1-$H$1)+$H118 -> 1.814348 | K118: =(($M118-$H118)/($M$1-$H$1))*(K$1-$H$1)+$H118 -> 2.091282 | L118: =(($M118-$H118)/($M$1-$H$1))*(L$1-$H$1)+$H118 -> 2.368216 | M118: 2.64515 | N118: =(($R118-$M118)/($R$1-$M$1))*(N$1-$M$1)+$M118 -> 3.023866 | O118: =(($R118-$M118)/($R$1-$M$1))*(O$1-$M$1)+$M118 -> 3.402582 | P118: =(($R118-$M118)/($R$1-$M$1))*(P$1-$M$1)+$M118 -> 3.781298 | Q118: =(($R118-$M118)/($R$1-$M$1))*(Q$1-$M$1)+$M118 -> 4.160014 | R118: 4.53873 | S118: =(($W118-$R118)/($W$1-$R$1))*(S$1-$R$1)+$R118 -> 4.815604 | T118: =(($W118-$R118)/($W$1-$R$1))*(T$1-$R$1)+$R118 -> 5.092478 | U118: =(($W118-$R118)/($W$1-$R$1))*(U$1-$R$1)+$R118 -> 5.369352 | V118: =(($W118-$R118)/($W$1-$R$1))*(V$1-$R$1)+$R118 -> 5.646226 | W118: 5.9231 | X118: =(($AB118-$W118)/($AB$1-$W$1))*(X$1-$W$1)+$W118 -> 6.067848 | Y118: =(($AB118-$W118)/($AB$1-$W$1))*(Y$1-$W$1)+$W118 -> 6.212596 | Z118: =(($AB118-$W118)/($AB$1-$W$1))*(Z$1-$W$1)+$W118 -> 6.357344 | AA118: =(($AB118-$W118)/($AB$1-$W$1))*(AA$1-$W$1)+$W118 -> 6.502092 | AB118: 6.64684 | AC118: =(($AG118-$AB118)/($AG$1-$AB$1))*(AC$1-$AB$1)+$AB118 -> 6.779486 | AD118: =(($AG118-$AB118)/($AG$1-$AB$1))*(AD$1-$AB$1)+$AB118 -> 6.912132 | AE118: =(($AG118-$AB118)/($AG$1-$AB$1))*(AE$1-$AB$1)+$AB118 -> 7.044778 | AF118: =(($AG118-$AB118)/($AG$1-$AB$1))*(AF$1-$AB$1)+$AB118 -> 7.177424 | AG118: 7.31007 | AH118: =SUM(Tableau2[[#This Row],[2022]:[2050]]) -> 126.92981
A119: EV | B119: PMSG | C119: Praseodymium | D119: SPS | E119: 0.594292 | F119: =(($H119-$E119)/($H$1-$E$1))*(F$1-$E$1)+$E119 -> 0.758898 | G119: =(($H119-$E119)/($H$1-$E$1))*(G$1-$E$1)+$E119 -> 0.923504 | H119: 1.08811 | I119: =(($M119-$H119)/($M$1-$H$1))*(I$1-$H$1)+$H119 -> 1.236974 | J119: =(($M119-$H119)/($M$1-$H$1))*(J$1-$H$1)+$H119 -> 1.385838 | K119: =(($M119-$H119)/($M$1-$H$1))*(K$1-$H$1)+$H119 -> 1.534702 | L119: =(($M119-$H119)/($M$1-$H$1))*(L$1-$H$1)+$H119 -> 1.683566 | M119: 1.83243 | N119: =(($R119-$M119)/($R$1-$M$1))*(N$1-$M$1)+$M119 -> 1.919878 | O119: =(($R119-$M119)/($R$1-$M$1))*(O$1-$M$1)+$M119 -> 2.007326 | P119: =(($R119-$M119)/($R$1-$M$1))*(P$1-$M$1)+$M119 -> 2.094774 | Q119: =(($R119-$M119)/($R$1-$M$1))*(Q$1-$M$1)+$M119 -> 2.182222 | R119: 2.26967 | S119: =(($W119-$R119)/($W$1-$R$1))*(S$1-$R$1)+$R119 -> 2.381224 | T119: =(($W119-$R119)/($W$1-$R$1))*(T$1-$R$1)+$R119 -> 2.492778 | U119: =(($W119-$R119)/($W$1-$R$1))*(U$1-$R$1)+$R119 -> 2.604332 | V119: =(($W119-$R119)/($W$1-$R$1))*(V$1-$R$1)+$R119 -> 2.715886 | W119: 2.82744 | X119: =(($AB119-$W119)/($AB$1-$W$1))*(X$1-$W$1)+$W119 -> 2.915958 | Y119: =(($AB119-$W119)/($AB$1-$W$1))*(Y$1-$W$1)+$W119 -> 3.004476 | Z119: =(($AB119-$W119)/($AB$1-$W$1))*(Z$1-$W$1)+$W119 -> 3.092994 | AA119: =(($AB119-$W119)/($AB$1-$W$1))*(AA$1-$W$1)+$W119 -> 3.181512 | AB119: 3.27003 | AC119: =(($AG119-$AB119)/($AG$1-$AB$1))*(AC$1-$AB$1)+$AB119 -> 3.302398 | AD119: =(($AG119-$AB119)/($AG$1-$AB$1))*(AD$1-$AB$1)+$AB119 -> 3.334766 | AE119: =(($AG119-$AB119)/($AG$1-$AB$1))*(AE$1-$AB$1)+$AB119 -> 3.367134 | AF119: =(($AG119-$AB119)/($AG$1-$AB$1))*(AF$1-$AB$1)+$AB119 -> 3.399502 | AG119: 3.43187 | AH119: =SUM(Tableau2[[#This Row],[2022]:[2050]]) -> 66.834484
A120: Wind | B120: PMSG | C120: Praseodymium | D120: NZE | E120: 0.952234 | F120: =(($H120-$E120)/($H$1-$E$1))*(F$1-$E$1)+$E120 -> 1.1941893 | G120: =(($H120-$E120)/($H$1-$E$1))*(G$1-$E$1)+$E120 -> 1.4361447 | H120: 1.6781 | I120: =(($M120-$H120)/($M$1-$H$1))*(I$1-$H$1)+$H120 -> 2.18719 | J120: =(($M120-$H120)/($M$1-$H$1))*(J$1-$H$1)+$H120 -> 2.69628 | K120: =(($M120-$H120)/($M$1-$H$1))*(K$1-$H$1)+$H120 -> 3.20537 | L120: =(($M120-$H120)/($M$1-$H$1))*(L$1-$H$1)+$H120 -> 3.71446 | M120: 4.22355 | N120: =(($R120-$M120)/($R$1-$M$1))*(N$1-$M$1)+$M120 -> 4.20053 | O120: =(($R120-$M120)/($R$1-$M$1))*(O$1-$M$1)+$M120 -> 4.17751 | P120: =(($R120-$M120)/($R$1-$M$1))*(P$1-$M$1)+$M120 -> 4.15449 | Q120: =(($R120-$M120)/($R$1-$M$1))*(Q$1-$M$1)+$M120 -> 4.13147 | R120: 4.10845 | S120: =(($W120-$R120)/($W$1-$R$1))*(S$1-$R$1)+$R120 -> 4.045228 | T120: =(($W120-$R120)/($W$1-$R$1))*(T$1-$R$1)+$R120 -> 3.982006 | U120: =(($W120-$R120)/($W$1-$R$1))*(U$1-$R$1)+$R120 -> 3.918784 | V120: =(($W120-$R120)/($W$1-$R$1))*(V$1-$R$1)+$R120 -> 3.855562 | W120: 3.79234 | X120: =(($AB120-$W120)/($AB$1-$W$1))*(X$1-$W$1)+$W120 -> 3.54235 | Y120: =(($AB120-$W120)/($AB$1-$W$1))*(Y$1-$W$1)+$W120 -> 3.29236 | Z120: =(($AB120-$W120)/($AB$1-$W$1))*(Z$1-$W$1)+$W120 -> 3.04237 | AA120: =(($AB120-$W120)/($AB$1-$W$1))*(AA$1-$W$1)+$W120 -> 2.79238 | AB120: 2.54239 | AC120: =(($AG120-$AB120)/($AG$1-$AB$1))*(AC$1-$AB$1)+$AB120 -> 2.817748 | AD120: =(($AG120-$AB120)/($AG$1-$AB$1))*(AD$1-$AB$1)+$AB120 -> 3.093106 | AE120: =(($AG120-$AB120)/($AG$1-$AB$1))*(AE$1-$AB$1)+$AB120 -> 3.368464 | AF120: =(($AG120-$AB120)/($AG$1-$AB$1))*(AF$1-$AB$1)+$AB120 -> 3.643822 | AG120: 3.91918 | AH120: =SUM(Tableau2[[#This Row],[2022]:[2050]]) -> 93.708058
A121: Wind | B121: PMSG | C121: Praseodymium | D121: SPS | E121: 0.952234 | F121: =(($H121-$E121)/($H$1-$E$1))*(F$1-$E$1)+$E121 -> 0.982226 | G121: =(($H121-$E121)/($H$1-$E$1))*(G$1-$E$1)+$E121 -> 1.012218 | H121: 1.04221 | I121: =(($M121-$H121)/($M$1-$H$1))*(I$1-$H$1)+$H121 -> 1.19555 | J121: =(($M121-$H121)/($M$1-$H$1))*(J$1-$H$1)+$H121 -> 1.34889 | K121: =(($M121-$H121)/($M$1-$H$1))*(K$1-$H$1)+$H121 -> 1.50223 | L121: =(($M121-$H121)/($M$1-$H$1))*(L$1-$H$1)+$H121 -> 1.65557 | M121: 1.80891 | N121: =(($R121-$M121)/($R$1-$M$1))*(N$1-$M$1)+$M121 -> 1.77207 | O121: =(($R121-$M121)/($R$1-$M$1))*(O$1-$M$1)+$M121 -> 1.73523 | P121: =(($R121-$M121)/($R$1-$M$1))*(P$1-$M$1)+$M121 -> 1.69839 | Q121: =(($R121-$M121)/($R$1-$M$1))*(Q$1-$M$1)+$M121 -> 1.66155 | R121: 1.62471 | S121: =(($W121-$R121)/($W$1-$R$1))*(S$1-$R$1)+$R121 -> 1.587416 | T121: =(($W121-$R121)/($W$1-$R$1))*(T$1-$R$1)+$R121 -> 1.550122 | U121: =(($W121-$R121)/($W$1-$R$1))*(U$1-$R$1)+$R121 -> 1.512828 | V121: =(($W121-$R121)/($W$1-$R$1))*(V$1-$R$1)+$R121 -> 1.475534 | W121: 1.43824 | X121: =(($AB121-$W121)/($AB$1-$W$1))*(X$1-$W$1)+$W121 -> 1.509228 | Y121: =(($AB121-$W121)/($AB$1-$W$1))*(Y$1-$W$1)+$W121 -> 1.580216 | Z121: =(($AB121-$W121)/($AB$1-$W$1))*(Z$1-$W$1)+$W121 -> 1.651204 | AA121: =(($AB121-$W121)/($AB$1-$W$1))*(AA$1-$W$1)+$W121 -> 1.722192 | AB121: 1.79318 | AC121: =(($AG121-$AB121)/($AG$1-$AB$1))*(AC$1-$AB$1)+$AB121 -> 1.869494 | AD121: =(($AG121-$AB121)/($AG$1-$AB$1))*(AD$1-$AB$1)+$AB121 -> 1.945808 | AE121: =(($AG121-$AB121)/($AG$1-$AB$1))*(AE$1-$AB$1)+$AB121 -> 2.022122 | AF121: =(($AG121-$AB121)/($AG$1-$AB$1))*(AF$1-$AB$1)+$AB121 -> 2.098436 | AG121: 2.17475 | AH121: =SUM(Tableau2[[#This Row],[2022]:[2050]]) -> 45.922758
A122: EV | B122: PMSG | C122: Praseodymium | D122: NZE | E122: 0.594292 | F122: =(($H122-$E122)/($H$1-$E$1))*(F$1-$E$1)+$E122 -> 1.044598 | G122: =(($H122-$E122)/($H$1-$E$1))*(G$1-$E$1)+$E122 -> 1.494904 | H122: 1.94521 | I122: =(($M122-$H122)/($M$1-$H$1))*(I$1-$H$1)+$H122 -> 2.345322 | J122: =(($M122-$H122)/($M$1-$H$1))*(J$1-$H$1)+$H122 -> 2.745434 | K122: =(($M122-$H122)/($M$1-$H$1))*(K$1-$H$1)+$H122 -> 3.145546 | L122: =(($M122-$H122)/($M$1-$H$1))*(L$1-$H$1)+$H122 -> 3.545658 | M122: 3.94577 | N122: =(($R122-$M122)/($R$1-$M$1))*(N$1-$M$1)+$M122 -> 4.20705 | O122: =(($R122-$M122)/($R$1-$M$1))*(O$1-$M$1)+$M122 -> 4.46833 | P122: =(($R122-$M122)/($R$1-$M$1))*(P$1-$M$1)+$M122 -> 4.72961 | Q122: =(($R122-$M122)/($R$1-$M$1))*(Q$1-$M$1)+$M122 -> 4.99089 | R122: 5.25217 | S122: =(($W122-$R122)/($W$1-$R$1))*(S$1-$R$1)+$R122 -> 5.219638 | T122: =(($W122-$R122)/($W$1-$R$1))*(T$1-$R$1)+$R122 -> 5.187106 | U122: =(($W122-$R122)/($W$1-$R$1))*(U$1-$R$1)+$R122 -> 5.154574 | V122: =(($W122-$R122)/($W$1-$R$1))*(V$1-$R$1)+$R122 -> 5.122042 | W122: 5.08951 | X122: =(($AB122-$W122)/($AB$1-$W$1))*(X$1-$W$1)+$W122 -> 5.171532 | Y122: =(($AB122-$W122)/($AB$1-$W$1))*(Y$1-$W$1)+$W122 -> 5.253554 | Z122: =(($AB122-$W122)/($AB$1-$W$1))*(Z$1-$W$1)+$W122 -> 5.335576 | AA122: =(($AB122-$W122)/($AB$1-$W$1))*(AA$1-$W$1)+$W122 -> 5.417598 | AB122: 5.49962 | AC122: =(($AG122-$AB122)/($AG$1-$AB$1))*(AC$1-$AB$1)+$AB122 -> 5.523594 | AD122: =(($AG122-$AB122)/($AG$1-$AB$1))*(AD$1-$AB$1)+$AB122 -> 5.547568 | AE122: =(($AG122-$AB122)/($AG$1-$AB$1))*(AE$1-$AB$1)+$AB122 -> 5.571542 | AF122: =(($AG122-$AB122)/($AG$1-$AB$1))*(AF$1-$AB$1)+$AB122 -> 5.595516 | AG122: 5.61949 | AH122: =SUM(Tableau2[[#This Row],[2022]:[2050]]) -> 124.76324
A123: Wind | B123: PMSG | C123: Praseodymium | D123: APS | E123: 0.952234 | F123: =(($H123-$E123)/($H$1-$E$1))*(F$1-$E$1)+$E123 -> 1.081176 | G123: =(($H123-$E123)/($H$1-$E$1))*(G$1-$E$1)+$E123 -> 1.210118 | H123: 1.33906 | I123: =(($M123-$H123)/($M$1-$H$1))*(I$1-$H$1)+$H123 -> 1.543786 | J123: =(($M123-$H123)/($M$1-$H$1))*(J$1-$H$1)+$H123 -> 1.748512 | K123: =(($M123-$H123)/($M$1-$H$1))*(K$1-$H$1)+$H123 -> 1.953238 | L123: =(($M123-$H123)/($M$1-$H$1))*(L$1-$H$1)+$H123 -> 2.157964 | M123: 2.36269 | N123: =(($R123-$M123)/($R$1-$M$1))*(N$1-$M$1)+$M123 -> 2.426814 | O123: =(($R123-$M123)/($R$1-$M$1))*(O$1-$M$1)+$M123 -> 2.490938 | P123: =(($R123-$M123)/($R$1-$M$1))*(P$1-$M$1)+$M123 -> 2.555062 | Q123: =(($R123-$M123)/($R$1-$M$1))*(Q$1-$M$1)+$M123 -> 2.619186 | R123: 2.68331 | S123: =(($W123-$R123)/($W$1-$R$1))*(S$1-$R$1)+$R123 -> 2.69219 | T123: =(($W123-$R123)/($W$1-$R$1))*(T$1-$R$1)+$R123 -> 2.70107 | U123: =(($W123-$R123)/($W$1-$R$1))*(U$1-$R$1)+$R123 -> 2.70995 | V123: =(($W123-$R123)/($W$1-$R$1))*(V$1-$R$1)+$R123 -> 2.71883 | W123: 2.72771 | X123: =(($AB123-$W123)/($AB$1-$W$1))*(X$1-$W$1)+$W123 -> 2.766948 | Y123: =(($AB123-$W123)/($AB$1-$W$1))*(Y$1-$W$1)+$W123 -> 2.806186 | Z123: =(($AB123-$W123)/($AB$1-$W$1))*(Z$1-$W$1)+$W123 -> 2.845424 | AA123: =(($AB123-$W123)/($AB$1-$W$1))*(AA$1-$W$1)+$W123 -> 2.884662 | AB123: 2.9239 | AC123: =(($AG123-$AB123)/($AG$1-$AB$1))*(AC$1-$AB$1)+$AB123 -> 3.019102 | AD123: =(($AG123-$AB123)/($AG$1-$AB$1))*(AD$1-$AB$1)+$AB123 -> 3.114304 | AE123: =(($AG123-$AB123)/($AG$1-$AB$1))*(AE$1-$AB$1)+$AB123 -> 3.209506 | AF123: =(($AG123-$AB123)/($AG$1-$AB$1))*(AF$1-$AB$1)+$AB123 -> 3.304708 | AG123: 3.39991 | AH123: =SUM(Tableau2[[#This Row],[2022]:[2050]]) -> 70.948488
